
> edenmish-ops@0.1.0 test
> node --test "tests/**/*.test.js"

TAP version 13
# (node:2926) ExperimentalWarning: SQLite is an experimental feature and might change at any time
# (Use `node --trace-warnings ...` to show where the warning was created)
# Subtest: privacy-safe paid conversion claims
    # Subtest: stores only a hash and emits once after the Shopify-authoritative transition
    ok 1 - stores only a hash and emits once after the Shopify-authoritative transition
      ---
      duration_ms: 10.072042
      type: 'test'
      ...
    # Subtest: a refusal is permanent and cannot be backfilled after settlement
    ok 2 - a refusal is permanent and cannot be backfilled after settlement
      ---
      duration_ms: 4.215708
      type: 'test'
      ...
    # Subtest: only a signed, matching Shopify webhook settles the browser claim
    ok 3 - only a signed, matching Shopify webhook settles the browser claim
      ---
      duration_ms: 20.40575
      type: 'test'
      ...
    # Subtest: manual settlement, refund state, and malformed credentials never emit
    ok 4 - manual settlement, refund state, and malformed credentials never emit
      ---
      duration_ms: 5.532709
      type: 'test'
      ...
    # Subtest: rate-limits repeated public observations before claim lookup
    ok 5 - rate-limits repeated public observations before claim lookup
      ---
      duration_ms: 24.921583
      type: 'test'
      ...
    # Subtest: migration is additive, idempotent, and contains no PII columns
    ok 6 - migration is additive, idempotent, and contains no PII columns
      ---
      duration_ms: 0.625208
      type: 'test'
      ...
    1..6
ok 1 - privacy-safe paid conversion claims
  ---
  duration_ms: 66.349083
  type: 'suite'
  ...
# (node:2927) ExperimentalWarning: The MockTimers API is an experimental feature and might change at any time
# (Use `node --trace-warnings ...` to show where the warning was created)
# Subtest: one diagnostic preserves prior reservation, accepts a result after 1.5 seconds, and cannot restart
ok 2 - one diagnostic preserves prior reservation, accepts a result after 1.5 seconds, and cannot restart
  ---
  duration_ms: 72.959083
  type: 'test'
  ...
# Subtest: 10-second diagnostic abort retains both reservations and never retries
ok 3 - 10-second diagnostic abort retains both reservations and never retries
  ---
  duration_ms: 44.077625
  type: 'test'
  ...
# Subtest: missing, changed, settled or exhausted prior ledger refuses before a new ledger or request
ok 4 - missing, changed, settled or exhausted prior ledger refuses before a new ledger or request
  ---
  duration_ms: 11.6465
  type: 'test'
  ...
# (node:2928) ExperimentalWarning: The MockTimers API is an experimental feature and might change at any time
# (Use `node --trace-warnings ...` to show where the warning was created)
# Subtest: durable reservation precedes IO, verified usage settles conservatively and same ledger cannot restart
ok 5 - durable reservation precedes IO, verified usage settles conservatively and same ledger cannot restart
  ---
  duration_ms: 34.263709
  type: 'test'
  ...
# Subtest: maximum priced requests exhaust the dollar budget before the request limit
ok 6 - maximum priced requests exhaust the dollar budget before the request limit
  ---
  duration_ms: 48.768209
  type: 'test'
  ...
# Subtest: hard request cap cannot be replenished by cheap success and budget below reservation makes no call
ok 7 - hard request cap cannot be replenished by cheap success and budget below reservation makes no call
  ---
  duration_ms: 55.649042
  type: 'test'
  ...
# Subtest: unknown/failing/oversized/wrong-tier usage keeps full reservation and stops further calls
ok 8 - unknown/failing/oversized/wrong-tier usage keeps full reservation and stops further calls
  ---
  duration_ms: 216.320958
  type: 'test'
  ...
# Subtest: concurrent attempts cannot race reservations; timeout/abort cannot refund or retry
ok 9 - concurrent attempts cannot race reservations; timeout/abort cannot refund or retry
  ---
  duration_ms: 55.257791
  type: 'test'
  ...
# Subtest: invalid destinations, payload expansion, limits and malformed usage fail closed
ok 10 - invalid destinations, payload expansion, limits and malformed usage fail closed
  ---
  duration_ms: 41.453125
  type: 'test'
  ...
# Subtest: default CLI is network-free and does not even read credentials; unapproved runs refused
ok 11 - default CLI is network-free and does not even read credentials; unapproved runs refused
  ---
  duration_ms: 0.210875
  type: 'test'
  ...
# Subtest: fixed corpus runner uses mocked adapter only and reports sanitized results without quality approval
ok 12 - fixed corpus runner uses mocked adapter only and reports sanitized results without quality approval
  ---
  duration_ms: 55.657125
  type: 'test'
  ...
# Subtest: HTTP, transport, invalid JSON and usage failures retain safe distinct evidence without provider text
ok 13 - HTTP, transport, invalid JSON and usage failures retain safe distinct evidence without provider text
  ---
  duration_ms: 208.77975
  type: 'test'
  ...
# Subtest: configured model deadline records abort before fallback snapshot, with no retry or refund
ok 14 - configured model deadline records abort before fallback snapshot, with no retry or refund
  ---
  duration_ms: 24.561458
  type: 'test'
  ...
# Subtest: contract: raw source quotes remain separate from deterministic normalized values
ok 15 - contract: raw source quotes remain separate from deterministic normalized values
  ---
  duration_ms: 36.437667
  type: 'test'
  ...
# Subtest: contract: invalid handwritten proposals fail with specific evidence reasons
ok 16 - contract: invalid handwritten proposals fail with specific evidence reasons
  ---
  duration_ms: 0.1545
  type: 'test'
  ...
# Subtest: word-hour evidence is retained and normalizes to a date/hour preference independently
ok 17 - word-hour evidence is retained and normalizes to a date/hour preference independently
  ---
  duration_ms: 0.433042
  type: 'test'
  ...
# Subtest: swapped source route is rejected with a fixed semantic reason before address resolution
ok 18 - swapped source route is rejected with a fixed semantic reason before address resolution
  ---
  duration_ms: 3.085667
  type: 'test'
  ...
# Subtest: plan pins low/medium, identical synthetic payloads, all calls and both original pools
ok 19 - plan pins low/medium, identical synthetic payloads, all calls and both original pools
  ---
  duration_ms: 1.28325
  type: 'test'
  ...
# Subtest: usage keeps input/cache/output/reasoning separately and prices reasoning once conservatively
ok 20 - usage keeps input/cache/output/reasoning separately and prices reasoning once conservatively
  ---
  duration_ms: 0.087042
  type: 'test'
  ...
# Subtest: mock batch grades supplied fields independently; contains no raw/secret/reasoning content
ok 21 - mock batch grades supplied fields independently; contains no raw/secret/reasoning content
  ---
  duration_ms: 3.036125
  type: 'test'
  ...
# Subtest: incomplete output, unknown usage, oversized input/output and rejection stop without retry or partial interpretation
ok 22 - incomplete output, unknown usage, oversized input/output and rejection stop without retry or partial interpretation
  ---
  duration_ms: 3.58725
  type: 'test'
  ...
# Subtest: natural Hebrew route, morning, correction and withdrawal preserve state and ask for missing details
ok 23 - natural Hebrew route, morning, correction and withdrawal preserve state and ask for missing details
  ---
  duration_ms: 10.731583
  type: 'test'
  ...
# Subtest: conflicting date/day and ambiguous routes have valid handwritten clarification contracts
ok 24 - conflicting date/day and ambiguous routes have valid handwritten clarification contracts
  ---
  duration_ms: 0.345833
  type: 'test'
  ...
# Subtest: whole flow refreshes summary after correction; only current confirmation gives one create instruction
ok 25 - whole flow refreshes summary after correction; only current confirmation gives one create instruction
  ---
  duration_ms: 3.660208
  type: 'test'
  ...
# Subtest: unavailable day suggestions and stale numbered lists never claim/select requested unavailable time
ok 26 - unavailable day suggestions and stale numbered lists never claim/select requested unavailable time
  ---
  duration_ms: 1.426291
  type: 'test'
  ...
# Subtest: Hebrew word-hour grammar rejects ambiguous/conflicting times and preserves missing date
ok 27 - Hebrew word-hour grammar rejects ambiguous/conflicting times and preserves missing date
  ---
  duration_ms: 0.729917
  type: 'test'
  ...
# Subtest: route gates distinguish explicit correction, negation, alternatives and unlabelled pairs
ok 28 - route gates distinguish explicit correction, negation, alternatives and unlabelled pairs
  ---
  duration_ms: 1.295
  type: 'test'
  ...
# (node:2930) ExperimentalWarning: The MockTimers API is an experimental feature and might change at any time
# (Use `node --trace-warnings ...` to show where the warning was created)
# Subtest: counting-free fixed batch reserves durably before every call, retains all holds and cannot replay
ok 29 - counting-free fixed batch reserves durably before every call, retains all holds and cannot replay
  ---
  duration_ms: 148.284542
  type: 'test'
  ...
# Subtest: expired approval, manifest change or insufficient ceiling does not touch network/ledger
ok 30 - expired approval, manifest change or insufficient ceiling does not touch network/ledger
  ---
  duration_ms: 14.679875
  type: 'test'
  ...
# Subtest: provider refusal/incomplete/HTTP/usage/transport failure stops with one retained hold, no retry
ok 31 - provider refusal/incomplete/HTTP/usage/transport failure stops with one retained hold, no retry
  ---
  duration_ms: 274.347
  type: 'test'
  ...
# Subtest: whole-response deadline stops even a mock transport that ignores abort
ok 32 - whole-response deadline stops even a mock transport that ignores abort
  ---
  duration_ms: 33.8125
  type: 'test'
  ...
# Subtest: fresh two-call proposal needs distinct post-stop approval and carries all historical holds
ok 33 - fresh two-call proposal needs distinct post-stop approval and carries all historical holds
  ---
  duration_ms: 54.739125
  type: 'test'
  ...
# Subtest: description retest fits remaining cap, requests low then medium and rejects excess usage
ok 34 - description retest fits remaining cap, requests low then medium and rejects excess usage
  ---
  duration_ms: 137.136458
  type: 'test'
  ...
# (node:2931) ExperimentalWarning: SQLite is an experimental feature and might change at any time
# (Use `node --trace-warnings ...` to show where the warning was created)
# Subtest: 039 applies once to wholly absent schema and validates every definition after application
ok 35 - 039 applies once to wholly absent schema and validates every definition after application
  ---
  duration_ms: 3.766667
  type: 'test'
  ...
# Subtest: 039 rejects interrupted ALTER-only migration, wrong default, weakened constraint and missing base
ok 36 - 039 rejects interrupted ALTER-only migration, wrong default, weakened constraint and missing base
  ---
  duration_ms: 0.585959
  type: 'test'
  ...
# Subtest: 039 checks the post-migration schema and rejects malformed query output
ok 37 - 039 checks the post-migration schema and rejects malformed query output
  ---
  duration_ms: 3.711792
  type: 'test'
  ...
# Subtest: staging preflight refuses dispatch/channel activation, duplicate overrides and production D1
ok 38 - staging preflight refuses dispatch/channel activation, duplicate overrides and production D1
  ---
  duration_ms: 2.495792
  type: 'test'
  ...
# Subtest: business batch address validation
    # Subtest: normalizes punctuation and Hebrew final letters for comparisons
    ok 1 - normalizes punctuation and Hebrew final letters for comparisons
      ---
      duration_ms: 1.925667
      type: 'test'
      ...
    # Subtest: validates an exact address without rewriting customer entry details
    ok 2 - validates an exact address without rewriting customer entry details
      ---
      duration_ms: 0.781167
      type: 'test'
      ...
    # Subtest: suggests a high-confidence correction for the street field only
    ok 3 - suggests a high-confidence correction for the street field only
      ---
      duration_ms: 0.191083
      type: 'test'
      ...
    # Subtest: suggests a supported-city typo only when the resolved street is confident
    ok 4 - suggests a supported-city typo only when the resolved street is confident
      ---
      duration_ms: 0.140875
      type: 'test'
      ...
    # Subtest: accepts an exact formatted postal address when provider components are incomplete
    ok 5 - accepts an exact formatted postal address when provider components are incomplete
      ---
      duration_ms: 0.400917
      type: 'test'
      ...
    # Subtest: prefers an exact formatted postal address over inconsistent provider components
    ok 6 - prefers an exact formatted postal address over inconsistent provider components
      ---
      duration_ms: 0.129875
      type: 'test'
      ...
    # Subtest: accepts canonical street aliases with exact number, city and country
    ok 7 - accepts canonical street aliases with exact number, city and country
      ---
      duration_ms: 0.340208
      type: 'test'
      ...
    # Subtest: keeps exact formatted fallback closed for a wrong house number or city
    ok 8 - keeps exact formatted fallback closed for a wrong house number or city
      ---
      duration_ms: 0.166666
      type: 'test'
      ...
    # Subtest: blocks missing house numbers, weak matches, and competing candidates
    ok 9 - blocks missing house numbers, weak matches, and competing candidates
      ---
      duration_ms: 0.253875
      type: 'test'
      ...
    # Subtest: deduplicates provider lookups and fails closed when validation is unavailable
    ok 10 - deduplicates provider lookups and fails closed when validation is unavailable
      ---
      duration_ms: 0.669167
      type: 'test'
      ...
    # Subtest: falls back from text search to address autocomplete and place details
    ok 11 - falls back from text search to address autocomplete and place details
      ---
      duration_ms: 2.116584
      type: 'test'
      ...
    1..11
ok 39 - business batch address validation
  ---
  duration_ms: 7.791333
  type: 'suite'
  ...
# Subtest: optional map choices retain house/city/country/coordinate safeguards and a three-choice bound
ok 40 - optional map choices retain house/city/country/coordinate safeguards and a three-choice bound
  ---
  duration_ms: 0.271417
  type: 'test'
  ...
# Subtest: booking candidates from text search avoid extra provider calls and remain explicit choices
ok 41 - booking candidates from text search avoid extra provider calls and remain explicit choices
  ---
  duration_ms: 8.580959
  type: 'test'
  ...
# Subtest: AI-assisted business batch normalization
    # Subtest: bypasses inference when the deterministic template headers are recognized
    ok 1 - bypasses inference when the deterministic template headers are recognized
      ---
      duration_ms: 0.936291
      type: 'test'
      ...
    # Subtest: maps an unfamiliar sheet into the deterministic canonical validator
    ok 2 - maps an unfamiliar sheet into the deterministic canonical validator
      ---
      duration_ms: 9.061416
      type: 'test'
      ...
    # Subtest: reuses an account-approved header mapping without another mapping-model call
    ok 3 - reuses an account-approved header mapping without another mapping-model call
      ---
      duration_ms: 1.792541
      type: 'test'
      ...
    # Subtest: reuses a dedicated-column mapping without invoking the model at all
    ok 4 - reuses a dedicated-column mapping without invoking the model at all
      ---
      duration_ms: 0.828708
      type: 'test'
      ...
    # Subtest: never accepts an ungrounded model rewrite from another city
    ok 5 - never accepts an ungrounded model rewrite from another city
      ---
      duration_ms: 1.419333
      type: 'test'
      ...
    # Subtest: does not accept an invented date merely because a date source cell exists
    ok 6 - does not accept an invented date merely because a date source cell exists
      ---
      duration_ms: 0.75875
      type: 'test'
      ...
    # Subtest: allows the bounded mapper to select a delivery sheet after a cover sheet
    ok 7 - allows the bounded mapper to select a delivery sheet after a cover sheet
      ---
      duration_ms: 0.47275
      type: 'test'
      ...
    # Subtest: routes low-confidence required fields to customer review instead of importing
    ok 8 - routes low-confidence required fields to customer review instead of importing
      ---
      duration_ms: 0.535417
      type: 'test'
      ...
    # Subtest: rejects a source row when the model omits its normalized-row result
    ok 9 - rejects a source row when the model omits its normalized-row result
      ---
      duration_ms: 0.90825
      type: 'test'
      ...
    # Subtest: rejects source rows wider than the bounded AI input
    ok 10 - rejects source rows wider than the bounded AI input
      ---
      duration_ms: 0.5125
      type: 'test'
      ...
    # Subtest: fails closed when the model binding or structured response is unavailable
    ok 11 - fails closed when the model binding or structured response is unavailable
      ---
      duration_ms: 0.136167
      type: 'test'
      ...
    1..11
ok 42 - AI-assisted business batch normalization
  ---
  duration_ms: 18.54875
  type: 'suite'
  ...
# Subtest: business batch approval tokens
    # Subtest: requires explicit approval and binds tokens to one business account
    ok 1 - requires explicit approval and binds tokens to one business account
      ---
      duration_ms: 10.524917
      type: 'test'
      ...
    # Subtest: rejects tampering and expired approvals
    ok 2 - rejects tampering and expired approvals
      ---
      duration_ms: 2.089291
      type: 'test'
      ...
    # Subtest: creates a stable idempotency key from a normalized external id
    ok 3 - creates a stable idempotency key from a normalized external id
      ---
      duration_ms: 1.255417
      type: 'test'
      ...
    1..3
ok 43 - business batch approval tokens
  ---
  duration_ms: 14.461417
  type: 'suite'
  ...
# (node:2935) ExperimentalWarning: SQLite is an experimental feature and might change at any time
# (Use `node --trace-warnings ...` to show where the warning was created)
# Subtest: migration 033 enforces one external batch ID per business account
ok 44 - migration 033 enforces one external batch ID per business account
  ---
  duration_ms: 5.041541
  type: 'test'
  ...
# Subtest: deployment paths require migration 033 before batch runtime
ok 45 - deployment paths require migration 033 before batch runtime
  ---
  duration_ms: 1.566542
  type: 'test'
  ...
# (node:2936) ExperimentalWarning: SQLite is an experimental feature and might change at any time
# (Use `node --trace-warnings ...` to show where the warning was created)
# Subtest: authenticated CSV lifecycle validates, approves, creates, updates and cancels one order
ok 46 - authenticated CSV lifecycle validates, approves, creates, updates and cancels one order
  ---
  duration_ms: 568.686792
  type: 'test'
  ...
# Subtest: a one-use account exception prices and creates only its exact Zone 3 batch row
ok 47 - a one-use account exception prices and creates only its exact Zone 3 batch row
  ---
  duration_ms: 11.830125
  type: 'test'
  ...
# Subtest: an exact one-use exception treats one out-of-zone batch row as Zone 3
ok 48 - an exact one-use exception treats one out-of-zone batch row as Zone 3
  ---
  duration_ms: 10.888584
  type: 'test'
  ...
# (node:2937) ExperimentalWarning: SQLite is an experimental feature and might change at any time
# (Use `node --trace-warnings ...` to show where the warning was created)
# Subtest: explicit batch approval persists the signed mapping for that business account
ok 49 - explicit batch approval persists the signed mapping for that business account
  ---
  duration_ms: 24.781
  type: 'test'
  ...
# Subtest: saved mapping management is authenticated, metadata-only and account-scoped
ok 50 - saved mapping management is authenticated, metadata-only and account-scoped
  ---
  duration_ms: 13.494709
  type: 'test'
  ...
# (node:2938) ExperimentalWarning: SQLite is an experimental feature and might change at any time
# (Use `node --trace-warnings ...` to show where the warning was created)
# Subtest: migration 034 creates account-scoped approved batch mappings
ok 51 - migration 034 creates account-scoped approved batch mappings
  ---
  duration_ms: 4.1925
  type: 'test'
  ...
# Subtest: deployment paths require migration 034 before saved mappings are used
ok 52 - deployment paths require migration 034 before saved mappings are used
  ---
  duration_ms: 1.841583
  type: 'test'
  ...
# (node:2941) ExperimentalWarning: SQLite is an experimental feature and might change at any time
# (Use `node --trace-warnings ...` to show where the warning was created)
# Subtest: approved business batch mappings
    # Subtest: stores only an account-scoped header hash and canonical column indexes
    ok 1 - stores only an account-scoped header hash and canonical column indexes
      ---
      duration_ms: 1.339125
      type: 'test'
      ...
    # Subtest: updates an approved mapping and records successful reuse
    ok 2 - updates an approved mapping and records successful reuse
      ---
      duration_ms: 0.429041
      type: 'test'
      ...
    # Subtest: lists safe account metadata without exposing signatures or mapping JSON
    ok 3 - lists safe account metadata without exposing signatures or mapping JSON
      ---
      duration_ms: 0.353791
      type: 'test'
      ...
    # Subtest: deletes only an account-owned saved mapping
    ok 4 - deletes only an account-owned saved mapping
      ---
      duration_ms: 0.494416
      type: 'test'
      ...
    # Subtest: rejects malformed signatures and mappings before writing
    ok 5 - rejects malformed signatures and mappings before writing
      ---
      duration_ms: 0.408542
      type: 'test'
      ...
    # Subtest: bounds saved layouts per account while preserving another account
    ok 6 - bounds saved layouts per account while preserving another account
      ---
      duration_ms: 1.069958
      type: 'test'
      ...
    1..6
ok 53 - approved business batch mappings
  ---
  duration_ms: 4.529791
  type: 'suite'
  ...
# Subtest: business batch file parser
    # Subtest: normalizes a structured pickup address with pickup-specific approval metadata
    ok 1 - normalizes a structured pickup address with pickup-specific approval metadata
      ---
      duration_ms: 0.959833
      type: 'test'
      ...
    # Subtest: maps the Hebrew template columns and normalizes recipient phones
    ok 2 - maps the Hebrew template columns and normalizes recipient phones
      ---
      duration_ms: 0.711167
      type: 'test'
      ...
    # Subtest: reimports the canonical repair CSV with extra error columns and guarded cells
    ok 3 - reimports the canonical repair CSV with extra error columns and guarded cells
      ---
      duration_ms: 0.336917
      type: 'test'
      ...
    # Subtest: returns row-level errors instead of discarding incomplete recipients
    ok 4 - returns row-level errors instead of discarding incomplete recipients
      ---
      duration_ms: 0.159041
      type: 'test'
      ...
    # Subtest: normalizes supported whole-hour spellings and records approval metadata
    ok 5 - normalizes supported whole-hour spellings and records approval metadata
      ---
      duration_ms: 0.263042
      type: 'test'
      ...
    # Subtest: reads native Excel time fractions as whole-hour slots
    ok 6 - reads native Excel time fractions as whole-hour slots
      ---
      duration_ms: 0.116041
      type: 'test'
      ...
    # Subtest: suggests high-confidence Israeli date corrections but rejects ambiguous invalid dates
    ok 7 - suggests high-confidence Israeli date corrections but rejects ambiguous invalid dates
      ---
      duration_ms: 0.249875
      type: 'test'
      ...
    # Subtest: reads a native Excel date serial without asking for correction approval
    ok 8 - reads a native Excel date serial without asking for correction approval
      ---
      duration_ms: 0.189917
      type: 'test'
      ...
    # Subtest: preserves column positions after self-closing blank optional XLSX cells
    ok 9 - preserves column positions after self-closing blank optional XLSX cells
      ---
      duration_ms: 4.945167
      type: 'test'
      ...
    # Subtest: selects the worksheet by recognized headers and supports Excel 1904 dates and time cells
    ok 10 - selects the worksheet by recognized headers and supports Excel 1904 dates and time cells
      ---
      duration_ms: 1.405792
      type: 'test'
      ...
    # Subtest: recognizes the headers in the exact downloadable XLSX template
    ok 11 - recognizes the headers in the exact downloadable XLSX template
      ---
      duration_ms: 6.612541
      type: 'test'
      ...
    # Subtest: rejects batches above the documented 100-row limit
    ok 12 - rejects batches above the documented 100-row limit
      ---
      duration_ms: 2.083667
      type: 'test'
      ...
    # Subtest: rejects malformed XLSX archives before decompression
    ok 13 - rejects malformed XLSX archives before decompression
      ---
      duration_ms: 0.199708
      type: 'test'
      ...
    # Subtest: rejects malformed quoted CSV instead of silently shifting columns
    ok 14 - rejects malformed quoted CSV instead of silently shifting columns
      ---
      duration_ms: 0.257416
      type: 'test'
      ...
    # Subtest: rejects duplicate external ids and dates outside the booking horizon
    ok 15 - rejects duplicate external ids and dates outside the booking horizon
      ---
      duration_ms: 0.288417
      type: 'test'
      ...
    # Subtest: validates structured address segments before composing the operational address
    ok 16 - validates structured address segments before composing the operational address
      ---
      duration_ms: 0.388958
      type: 'test'
      ...
    # Subtest: normalizes obvious labels and spacing in structured address fields with approval metadata
    ok 17 - normalizes obvious labels and spacing in structured address fields with approval metadata
      ---
      duration_ms: 0.31825
      type: 'test'
      ...
    1..17
ok 54 - business batch file parser
  ---
  duration_ms: 20.163459
  type: 'suite'
  ...
# (node:2943) ExperimentalWarning: SQLite is an experimental feature and might change at any time
# (Use `node --trace-warnings ...` to show where the warning was created)
# Subtest: migration 038 creates the guarded one-use exception table and lookup index
ok 55 - migration 038 creates the guarded one-use exception table and lookup index
  ---
  duration_ms: 1.006458
  type: 'test'
  ...
# Subtest: deployment paths require migration 038 before exception lookups are deployed
ok 56 - deployment paths require migration 038 before exception lookups are deployed
  ---
  duration_ms: 1.438209
  type: 'test'
  ...
# (node:2944) ExperimentalWarning: SQLite is an experimental feature and might change at any time
# (Use `node --trace-warnings ...` to show where the warning was created)
# Subtest: finds and applies only the exact account, row, zone and service exception
ok 57 - finds and applies only the exact account, row, zone and service exception
  ---
  duration_ms: 4.35775
  type: 'test'
  ...
# Subtest: claims once, permits the same idempotent retry, and rejects a different key
ok 58 - claims once, permits the same idempotent retry, and rejects a different key
  ---
  duration_ms: 3.67675
  type: 'test'
  ...
# Subtest: does not expose an expired exception
ok 59 - does not expose an expired exception
  ---
  duration_ms: 3.147667
  type: 'test'
  ...
# Subtest: migration 021 expands every persisted plan constraint without losing columns
ok 60 - migration 021 expands every persisted plan constraint without losing columns
  ---
  duration_ms: 0.610459
  type: 'test'
  ...
# Subtest: canonical schema and deployment workflows require the entry-plan migration
ok 61 - canonical schema and deployment workflows require the entry-plan migration
  ---
  duration_ms: 0.133416
  type: 'test'
  ...
# Subtest: bundled business dashboard
    # Subtest: does not leak Wrangler private helpers into the generated browser script
    ok 1 - does not leak Wrangler private helpers into the generated browser script
      ---
      duration_ms: 1687.797083
      type: 'test'
      ...
    1..1
ok 62 - bundled business dashboard
  ---
  duration_ms: 1688.152084
  type: 'suite'
  ...
# Subtest: business payment status selection
    # Subtest: shows the newer completed payment instead of an older unpaid checkout
    ok 1 - shows the newer completed payment instead of an older unpaid checkout
      ---
      duration_ms: 0.4555
      type: 'test'
      ...
    # Subtest: still shows a genuine checkout started after the completed payment
    ok 2 - still shows a genuine checkout started after the completed payment
      ---
      duration_ms: 0.060125
      type: 'test'
      ...
    # Subtest: does not revive an older checkout after the completed message is dismissed
    ok 3 - does not revive an older checkout after the completed message is dismissed
      ---
      duration_ms: 0.112708
      type: 'test'
      ...
    # Subtest: ignores a stale active checkout when a newer payment has completed
    ok 4 - ignores a stale active checkout when a newer payment has completed
      ---
      duration_ms: 0.055333
      type: 'test'
      ...
    # Subtest: shows a recent checkout when there is no completed payment
    ok 5 - shows a recent checkout when there is no completed payment
      ---
      duration_ms: 0.045542
      type: 'test'
      ...
    # Subtest: hides checkout messages after 24 hours
    ok 6 - hides checkout messages after 24 hours
      ---
      duration_ms: 0.041875
      type: 'test'
      ...
    # Subtest: keeps an unresolved payment mismatch visible until it is dismissed
    ok 7 - keeps an unresolved payment mismatch visible until it is dismissed
      ---
      duration_ms: 0.046958
      type: 'test'
      ...
    # Subtest: uses the completion time for a delayed paid checkout
    ok 8 - uses the completion time for a delayed paid checkout
      ---
      duration_ms: 0.164
      type: 'test'
      ...
    # Subtest: does not keep polling an expired active checkout
    ok 9 - does not keep polling an expired active checkout
      ---
      duration_ms: 0.153625
      type: 'test'
      ...
    1..9
ok 63 - business payment status selection
  ---
  duration_ms: 1.81525
  type: 'suite'
  ...
# Subtest: business profile patching
    # Subtest: submits only fields the customer changed
    ok 1 - submits only fields the customer changed
      ---
      duration_ms: 0.336125
      type: 'test'
      ...
    # Subtest: allows an explicitly edited field to be cleared
    ok 2 - allows an explicitly edited field to be cleared
      ---
      duration_ms: 0.039709
      type: 'test'
      ...
    # Subtest: ignores a stale profile refresh that resolves after the post-save refresh
    ok 3 - ignores a stale profile refresh that resolves after the post-save refresh
      ---
      duration_ms: 0.081667
      type: 'test'
      ...
    1..3
ok 64 - business profile patching
  ---
  duration_ms: 0.560875
  type: 'suite'
  ...
# Subtest: business batch idle status
    # Subtest: reports no importable rows after the last valid row is removed
    ok 1 - reports no importable rows after the last valid row is removed
      ---
      duration_ms: 0.06975
      type: 'test'
      ...
    # Subtest: rebuilds the ready summary from the currently active rows
    ok 2 - rebuilds the ready summary from the currently active rows
      ---
      duration_ms: 0.462833
      type: 'test'
      ...
    1..2
ok 65 - business batch idle status
  ---
  duration_ms: 0.578708
  type: 'suite'
  ...
# Subtest: business account dashboard
    # Subtest: uses the canonical storefront navigation and responsive login artwork
    ok 1 - uses the canonical storefront navigation and responsive login artwork
      ---
      duration_ms: 0.171916
      type: 'test'
      ...
    # Subtest: renders all five approved programs as account top-ups with their real artwork
    ok 2 - renders all five approved programs as account top-ups with their real artwork
      ---
      duration_ms: 0.318208
      type: 'test'
      ...
    # Subtest: keeps operational content ahead of collapsed plan and profile details
    ok 3 - keeps operational content ahead of collapsed plan and profile details
      ---
      duration_ms: 0.20375
      type: 'test'
      ...
    # Subtest: makes the active identity explicit and offers a safe account switch
    ok 4 - makes the active identity explicit and offers a safe account switch
      ---
      duration_ms: 0.112167
      type: 'test'
      ...
    # Subtest: opens Shopify separately and exposes pending, paid, and review states
    ok 5 - opens Shopify separately and exposes pending, paid, and review states
      ---
      duration_ms: 0.122583
      type: 'test'
      ...
    # Subtest: offers a business-plan coupon field and sends it with the selected plan
    ok 6 - offers a business-plan coupon field and sends it with the selected plan
      ---
      duration_ms: 0.071666
      type: 'test'
      ...
    # Subtest: offers a template-driven batch import without bypassing the order API
    ok 7 - offers a template-driven batch import without bypassing the order API
      ---
      duration_ms: 0.961625
      type: 'test'
      ...
    # Subtest: cleans one-time login tokens from the address even after verification errors
    ok 8 - cleans one-time login tokens from the address even after verification errors
      ---
      duration_ms: 0.035334
      type: 'test'
      ...
    1..8
ok 66 - business account dashboard
  ---
  duration_ms: 2.072167
  type: 'suite'
  ...
# (node:2949) ExperimentalWarning: SQLite is an experimental feature and might change at any time
# (Use `node --trace-warnings ...` to show where the warning was created)
# Subtest: migration 022 adds scoped business coupons without changing package credit
ok 67 - migration 022 adds scoped business coupons without changing package credit
  ---
  duration_ms: 1.221791
  type: 'test'
  ...
# Subtest: deployment workflows require migration 022 before enabling the feature
ok 68 - deployment workflows require migration 022 before enabling the feature
  ---
  duration_ms: 0.937167
  type: 'test'
  ...
# Subtest: wallet repair is additive and idempotent for every required table
ok 69 - wallet repair is additive and idempotent for every required table
  ---
  duration_ms: 0.714125
  type: 'test'
  ...
# Subtest: staging applies the repair before wallet readiness verification
ok 70 - staging applies the repair before wallet readiness verification
  ---
  duration_ms: 0.120125
  type: 'test'
  ...
# (node:2951) ExperimentalWarning: SQLite is an experimental feature and might change at any time
# (Use `node --trace-warnings ...` to show where the warning was created)
# Subtest: business plan catalog and pricing
    # Subtest: keys one-time business coupons to the account rather than a member email
    ok 1 - keys one-time business coupons to the account rather than a member email
      ---
      duration_ms: 0.44325
      type: 'test'
      ...
    # Subtest: publishes the approved wallet commitments without exposing agorot internals
    ok 2 - publishes the approved wallet commitments without exposing agorot internals
      ---
      duration_ms: 0.60825
      type: 'test'
      ...
    # Subtest: publishes a truthful value breakdown for each plan
    ok 3 - publishes a truthful value breakdown for each plan
      ---
      duration_ms: 0.100917
      type: 'test'
      ...
    # Subtest: estimates deliveries remaining from the authoritative available credit
    ok 4 - estimates deliveries remaining from the authoritative available credit
      ---
      duration_ms: 0.120417
      type: 'test'
      ...
    # Subtest: applies the Gold Zone 2 member base and keeps existing surcharges
    ok 5 - applies the Gold Zone 2 member base and keeps existing surcharges
      ---
      duration_ms: 0.094959
      type: 'test'
      ...
    # Subtest: preserves only a small urgent-work discount for Platinum Flash
    ok 6 - preserves only a small urgent-work discount for Platinum Flash
      ---
      duration_ms: 0.044625
      type: 'test'
      ...
    # Subtest: rejects services outside the plan and Zone 3 Flash
    ok 7 - rejects services outside the plan and Zone 3 Flash
      ---
      duration_ms: 0.112291
      type: 'test'
      ...
    # Subtest: uses the plan-specific credit expiry after a paid Shopify top-up
    ok 8 - uses the plan-specific credit expiry after a paid Shopify top-up
      ---
      duration_ms: 0.237625
      type: 'test'
      ...
    # Subtest: validates a replayed paid webhook before allowing profile hydration
    ok 9 - validates a replayed paid webhook before allowing profile hydration
      ---
      duration_ms: 0.168709
      type: 'test'
      ...
    # Subtest: accepts a ₪130 discounted payment and credits the full ₪150 plan value
    ok 10 - accepts a ₪130 discounted payment and credits the full ₪150 plan value
      ---
      duration_ms: 0.289166
      type: 'test'
      ...
    # Subtest: hydrates billing profile only on the first validated wallet credit
    ok 11 - hydrates billing profile only on the first validated wallet credit
      ---
      duration_ms: 0.04425
      type: 'test'
      ...
    # Subtest: enforces one Trial checkout per account at the domain boundary
    ok 12 - enforces one Trial checkout per account at the domain boundary
      ---
      duration_ms: 1.361208
      type: 'test'
      ...
    # Subtest: cancels an unstarted top-up so failed checkout creation can be retried
    ok 13 - cancels an unstarted top-up so failed checkout creation can be retried
      ---
      duration_ms: 0.132584
      type: 'test'
      ...
    # Subtest: snapshots a ₪20 business coupon while preserving the ₪150 plan credit
    ok 14 - snapshots a ₪20 business coupon while preserving the ₪150 plan credit
      ---
      duration_ms: 0.118167
      type: 'test'
      ...
    1..14
ok 71 - business plan catalog and pricing
  ---
  duration_ms: 4.423584
  type: 'suite'
  ...
# Subtest: business wallet credit expiry
    # Subtest: posts unused expired credit once and leaves active credit available
    ok 1 - posts unused expired credit once and leaves active credit available
      ---
      duration_ms: 0.918791
      type: 'test'
      ...
    # Subtest: protects expired credit already reserved for an existing delivery
    ok 2 - protects expired credit already reserved for an existing delivery
      ---
      duration_ms: 0.390917
      type: 'test'
      ...
    # Subtest: expires stale credit before deciding whether a new reservation can be funded
    ok 3 - expires stale credit before deciding whether a new reservation can be funded
      ---
      duration_ms: 0.429166
      type: 'test'
      ...
    # Subtest: fails closed instead of spending when stored wallet totals are inconsistent
    ok 4 - fails closed instead of spending when stored wallet totals are inconsistent
      ---
      duration_ms: 0.324709
      type: 'test'
      ...
    1..4
ok 72 - business wallet credit expiry
  ---
  duration_ms: 2.127084
  type: 'suite'
  ...
# Subtest: business batch order credit adjustments
    # Subtest: updates one reserved order and adjusts only the credit difference
    ok 1 - updates one reserved order and adjusts only the credit difference
      ---
      duration_ms: 0.411333
      type: 'test'
      ...
    # Subtest: does not change the order when an update needs more credit than is available
    ok 2 - does not change the order when an update needs more credit than is available
      ---
      duration_ms: 0.265834
      type: 'test'
      ...
    # Subtest: records a new ledger transition when an older signed update is reused after another edit
    ok 3 - records a new ledger transition when an older signed update is reused after another edit
      ---
      duration_ms: 0.344875
      type: 'test'
      ...
    # Subtest: cancels before dispatch and releases the held credit exactly once
    ok 4 - cancels before dispatch and releases the held credit exactly once
      ---
      duration_ms: 0.32725
      type: 'test'
      ...
    1..4
ok 73 - business batch order credit adjustments
  ---
  duration_ms: 1.391417
  type: 'suite'
  ...
# Subtest: business passwordless authentication helpers
    # Subtest: normalizes valid email and rejects malformed values
    ok 1 - normalizes valid email and rejects malformed values
      ---
      duration_ms: 0.098792
      type: 'test'
      ...
    # Subtest: uses a secure, HttpOnly, same-site three-day session cookie
    ok 2 - uses a secure, HttpOnly, same-site three-day session cookie
      ---
      duration_ms: 0.046292
      type: 'test'
      ...
    # Subtest: caps previously issued business sessions at the current three-day policy
    ok 3 - caps previously issued business sessions at the current three-day policy
      ---
      duration_ms: 13.654375
      type: 'test'
      ...
    # Subtest: preserves the selected plan in emailed magic links
    ok 4 - preserves the selected plan in emailed magic links
      ---
      duration_ms: 0.168
      type: 'test'
      ...
    1..4
ok 74 - business passwordless authentication helpers
  ---
  duration_ms: 14.026167
  type: 'suite'
  ...
# Subtest: Shopify business wallet boundary
    # Subtest: parses a wallet top-up token independently of a delivery tracking token
    ok 1 - parses a wallet top-up token independently of a delivery tracking token
      ---
      duration_ms: 0.333542
      type: 'test'
      ...
    # Subtest: fills empty business details from a verified payment without replacing saved values
    ok 2 - fills empty business details from a verified payment without replacing saved values
      ---
      duration_ms: 0.192375
      type: 'test'
      ...
    # Subtest: updates only profile fields present in a customer patch
    ok 3 - updates only profile fields present in a customer patch
      ---
      duration_ms: 0.293209
      type: 'test'
      ...
    # Subtest: creates a non-shipping Draft Order with wallet-only correlation metadata
    ok 4 - creates a non-shipping Draft Order with wallet-only correlation metadata
      ---
      duration_ms: 1.178958
      type: 'test'
      ...
    # Subtest: maps every business plan to its image-bearing Shopify variant
    ok 5 - maps every business plan to its image-bearing Shopify variant
      ---
      duration_ms: 0.601958
      type: 'test'
      ...
    # Subtest: shows ₪150 less ₪20 as an applied Shopify checkout discount
    ok 6 - shows ₪150 less ₪20 as an applied Shopify checkout discount
      ---
      duration_ms: 0.196959
      type: 'test'
      ...
    1..6
ok 75 - Shopify business wallet boundary
  ---
  duration_ms: 2.876083
  type: 'suite'
  ...
# Subtest: POST /api/cancellations
    # Subtest: durably accepts a valid notice and does not persist the full identity number
    ok 1 - durably accepts a valid notice and does not persist the full identity number
      ---
      duration_ms: 15.756917
      type: 'test'
      ...
    # Subtest: rejects an invalid identity checksum before storage
    ok 2 - rejects an invalid identity checksum before storage
      ---
      duration_ms: 1.182625
      type: 'test'
      ...
    1..2
ok 76 - POST /api/cancellations
  ---
  duration_ms: 17.380208
  type: 'suite'
  ...
# Subtest: priceOrder
    # Subtest: uses the highest route zone and the standard defaults
    ok 1 - uses the highest route zone and the standard defaults
      ---
      duration_ms: 0.665375
      type: 'test'
      ...
    # Subtest: applies medium, evening, and Saturday adjustments in order
    ok 2 - applies medium, evening, and Saturday adjustments in order
      ---
      duration_ms: 0.103459
      type: 'test'
      ...
    # Subtest: keeps Friday at the weekday price
    ok 3 - keeps Friday at the weekday price
      ---
      duration_ms: 0.053375
      type: 'test'
      ...
    # Subtest: flags Flash zone 3 and falls back to the configured standard zone 1 price
    ok 4 - flags Flash zone 3 and falls back to the configured standard zone 1 price
      ---
      duration_ms: 0.10675
      type: 'test'
      ...
    # Subtest: flags unknown cities while returning a safe fallback quote
    ok 5 - flags unknown cities while returning a safe fallback quote
      ---
      duration_ms: 0.090917
      type: 'test'
      ...
    1..5
ok 77 - priceOrder
  ---
  duration_ms: 1.387458
  type: 'suite'
  ...
# Subtest: parseShopifyOrderWebhook
    # Subtest: prefers the line-item tracking token and maps paid checkout details
    ok 1 - prefers the line-item tracking token and maps paid checkout details
      ---
      duration_ms: 0.399709
      type: 'test'
      ...
    # Subtest: parses a redelivery charge independently from the original tracking token
    ok 2 - parses a redelivery charge independently from the original tracking token
      ---
      duration_ms: 0.255584
      type: 'test'
      ...
    # Subtest: falls back to the EdenMish metafield and then the note token
    ok 3 - falls back to the EdenMish metafield and then the note token
      ---
      duration_ms: 0.213042
      type: 'test'
      ...
    # Subtest: only treats the exact paid financial status as captured
    ok 4 - only treats the exact paid financial status as captured
      ---
      duration_ms: 0.596
      type: 'test'
      ...
    # Subtest: uses presentment currency and customer email fallbacks
    ok 5 - uses presentment currency and customer email fallbacks
      ---
      duration_ms: 0.185375
      type: 'test'
      ...
    # Subtest: uses billing details when Shopify does not attach a named customer
    ok 6 - uses billing details when Shopify does not attach a named customer
      ---
      duration_ms: 0.050292
      type: 'test'
      ...
    1..6
ok 78 - parseShopifyOrderWebhook
  ---
  duration_ms: 1.923667
  type: 'suite'
  ...
# Subtest: corsFor
    # Subtest: uses the backward-compatible wildcard when no allowlist is configured
    ok 1 - uses the backward-compatible wildcard when no allowlist is configured
      ---
      duration_ms: 8.251583
      type: 'test'
      ...
    # Subtest: reflects an exact allowlisted origin with credential and cache headers
    ok 2 - reflects an exact allowlisted origin with credential and cache headers
      ---
      duration_ms: 0.286667
      type: 'test'
      ...
    # Subtest: allows only HTTPS subdomains for wildcard preview rules
    ok 3 - allows only HTTPS subdomains for wildcard preview rules
      ---
      duration_ms: 0.336375
      type: 'test'
      ...
    # Subtest: omits the readable origin header for a rejected origin
    ok 4 - omits the readable origin header for a rejected origin
      ---
      duration_ms: 0.055
      type: 'test'
      ...
    1..4
ok 79 - corsFor
  ---
  duration_ms: 8.999375
  type: 'suite'
  ...
# Subtest: maskEmail
    # Subtest: masks the local part and domain while preserving the final suffix
    ok 1 - masks the local part and domain while preserving the final suffix
      ---
      duration_ms: 0.056583
      type: 'test'
      ...
    # Subtest: returns null for missing or malformed addresses
    ok 2 - returns null for missing or malformed addresses
      ---
      duration_ms: 0.030541
      type: 'test'
      ...
    1..2
ok 80 - maskEmail
  ---
  duration_ms: 0.119292
  type: 'suite'
  ...
# Subtest: POST /api/coupons/validate
    # Subtest: happy path: computes price server-side and returns the discount
    ok 1 - happy path: computes price server-side and returns the discount
      ---
      duration_ms: 14.43825
      type: 'test'
      ...
    # Subtest: unknown code → not_found with safe Hebrew message
    ok 2 - unknown code → not_found with safe Hebrew message
      ---
      duration_ms: 1.000875
      type: 'test'
      ...
    # Subtest: invalid reasons map to their Hebrew messages
    ok 3 - invalid reasons map to their Hebrew messages
      ---
      duration_ms: 4.601042
      type: 'test'
      ...
    # Subtest: usage_limit_reached and already_used
    ok 4 - usage_limit_reached and already_used
      ---
      duration_ms: 1.218458
      type: 'test'
      ...
    # Subtest: once-per-customer falls back to the email key when no phone is given
    ok 5 - once-per-customer falls back to the email key when no phone is given
      ---
      duration_ms: 1.546042
      type: 'test'
      ...
# coupon_rate_limited
    # Subtest: rate limit: 11th attempt from the same IP within a minute → 429
    ok 6 - rate limit: 11th attempt from the same IP within a minute → 429
      ---
      duration_ms: 6.05225
      type: 'test'
      ...
    1..6
ok 81 - POST /api/coupons/validate
  ---
  duration_ms: 29.428375
  type: 'suite'
  ...
# Subtest: POST /api/orders with coupon
    # Subtest: valid coupon: stores snapshot, discounted price, records redemption
    ok 1 - valid coupon: stores snapshot, discounted price, records redemption
      ---
      duration_ms: 3.612542
      type: 'test'
      ...
# coupon_guard_rejected { order: 1, code: 'SAVE10', reason: 'usage_limit_reached' }
    # Subtest: lost TOCTOU race: guard insert rejects at usage_limit → 400, snapshot cleared, price restored
    ok 2 - lost TOCTOU race: guard insert rejects at usage_limit → 400, snapshot cleared, price restored
      ---
      duration_ms: 1.864834
      type: 'test'
      ...
    # Subtest: 100% coupon: creates a ₪0 order with the full-price snapshot
    ok 3 - 100% coupon: creates a ₪0 order with the full-price snapshot
      ---
      duration_ms: 1.981
      type: 'test'
      ...
    # Subtest: invalid coupon: order rejected with 400 + Hebrew message, nothing created
    ok 4 - invalid coupon: order rejected with 400 + Hebrew message, nothing created
      ---
      duration_ms: 0.518375
      type: 'test'
      ...
# shopify_webhook_registered {
#   topic: 'orders/updated',
#   address: 'https://find.edenmish.com/webhooks/shopify'
# }
# shopify_webhook_registered {
#   topic: 'refunds/create',
#   address: 'https://find.edenmish.com/webhooks/shopify'
# }
    # Subtest: no coupon_code: full price, empty snapshot, no redemption, no discount keys in response
    ok 5 - no coupon_code: full price, empty snapshot, no redemption, no discount keys in response
      ---
      duration_ms: 0.87825
      type: 'test'
      ...
    # Subtest: exact-price order returns checkout plus a status-only confirmation capability
    ok 6 - exact-price order returns checkout plus a status-only confirmation capability
      ---
      duration_ms: 2.26875
      type: 'test'
      ...
    # Subtest: rejects unsupported enums and oversized public input before insertion
    ok 7 - rejects unsupported enums and oversized public input before insertion
      ---
      duration_ms: 3.470458
      type: 'test'
      ...
    # Subtest: rejects a mistyped email domain before creating an order
    ok 8 - rejects a mistyped email domain before creating an order
      ---
      duration_ms: 0.427916
      type: 'test'
      ...
    1..8
ok 82 - POST /api/orders with coupon
  ---
  duration_ms: 15.414291
  type: 'suite'
  ...
# Subtest: customer tracking payment gate
    # Subtest: blocks an unpaid tracking token without revealing order data
    ok 1 - blocks an unpaid tracking token without revealing order data
      ---
      duration_ms: 0.538959
      type: 'test'
      ...
    # Subtest: allows tracking after payment confirmation
    ok 2 - allows tracking after payment confirmation
      ---
      duration_ms: 0.561667
      type: 'test'
      ...
    # Subtest: keeps a cancelled wallet order visible after its reservation is released
    ok 3 - keeps a cancelled wallet order visible after its reservation is released
      ---
      duration_ms: 0.306084
      type: 'test'
      ...
    1..3
ok 83 - customer tracking payment gate
  ---
  duration_ms: 1.534375
  type: 'suite'
  ...
# Subtest: ops coupon CRUD endpoints
    # Subtest: all four endpoints reject requests without an ops session (401)
    ok 1 - all four endpoints reject requests without an ops session (401)
      ---
      duration_ms: 0.57325
      type: 'test'
      ...
    # Subtest: POST creates a coupon; GET lists it with redemption_count
    ok 2 - POST creates a coupon; GET lists it with redemption_count
      ---
      duration_ms: 2.1705
      type: 'test'
      ...
    # Subtest: POST with missing fields → 400; duplicate code → 409
    ok 3 - POST with missing fields → 400; duplicate code → 409
      ---
      duration_ms: 1.265792
      type: 'test'
      ...
    # Subtest: PUT updates fields on an existing coupon; unknown code → 404
    ok 4 - PUT updates fields on an existing coupon; unknown code → 404
      ---
      duration_ms: 0.838833
      type: 'test'
      ...
    # Subtest: DELETE soft-deletes: status → inactive, row kept, code stops validating
    ok 5 - DELETE soft-deletes: status → inactive, row kept, code stops validating
      ---
      duration_ms: 1.107833
      type: 'test'
      ...
    # Subtest: D1-only end-to-end: ops-created coupon is instantly redeemable on the funnel
    ok 6 - D1-only end-to-end: ops-created coupon is instantly redeemable on the funnel
      ---
      duration_ms: 0.868541
      type: 'test'
      ...
    1..6
ok 84 - ops coupon CRUD endpoints
  ---
  duration_ms: 6.995542
  type: 'suite'
  ...
# Subtest: createDraftOrder Shopify payload
    # Subtest: includes the booking email before tracking OTP verification
    ok 1 - includes the booking email before tracking OTP verification
      ---
      duration_ms: 0.152125
      type: 'test'
      ...
    # Subtest: throws a sanitized Shopify failure without logging contact details
    ok 2 - throws a sanitized Shopify failure without logging contact details
      ---
      duration_ms: 0.3665
      type: 'test'
      ...
    # Subtest: coupon order: line item at subtotal, applied_discount for the difference
    ok 3 - coupon order: line item at subtotal, applied_discount for the difference
      ---
      duration_ms: 0.082333
      type: 'test'
      ...
    # Subtest: percentage coupon: line item at subtotal with applied_discount
    ok 4 - percentage coupon: line item at subtotal with applied_discount
      ---
      duration_ms: 0.062792
      type: 'test'
      ...
    # Subtest: 100% coupon: line item at subtotal, applied_discount covers the full amount
    ok 5 - 100% coupon: line item at subtotal, applied_discount covers the full amount
      ---
      duration_ms: 0.236042
      type: 'test'
      ...
    # Subtest: non-coupon order: line item is the plain price, no applied_discount
    ok 6 - non-coupon order: line item is the plain price, no applied_discount
      ---
      duration_ms: 0.184292
      type: 'test'
      ...
    # Subtest: maps every delivery service to its image-bearing Shopify variant
    ok 7 - maps every delivery service to its image-bearing Shopify variant
      ---
      duration_ms: 0.244041
      type: 'test'
      ...
    1..7
ok 85 - createDraftOrder Shopify payload
  ---
  duration_ms: 1.425667
  type: 'suite'
  ...
# Subtest: POST /api/ops/orders/:id/approve on a couponed order
    # Subtest: clears the coupon snapshot and deletes the redemption row
    ok 1 - clears the coupon snapshot and deletes the redemption row
      ---
      duration_ms: 3.098958
      type: 'test'
      ...
    1..1
ok 86 - POST /api/ops/orders/:id/approve on a couponed order
  ---
  duration_ms: 3.163958
  type: 'suite'
  ...
# Subtest: order lifecycle hardening
    # Subtest: delivered status is successful and idempotent
    ok 1 - delivered status is successful and idempotent
      ---
      duration_ms: 1.303959
      type: 'test'
      ...
    # Subtest: rejects unknown and backward status transitions
    ok 2 - rejects unknown and backward status transitions
      ---
      duration_ms: 0.917708
      type: 'test'
      ...
    1..2
ok 87 - order lifecycle hardening
  ---
  duration_ms: 2.293459
  type: 'suite'
  ...
# Subtest: manual paid confirmation
    # Subtest: runs the full paid side effects once and is idempotent
    ok 1 - runs the full paid side effects once and is idempotent
      ---
      duration_ms: 1.680292
      type: 'test'
      ...
    # Subtest: fails the payment transition atomically when the ops outbox claim fails
    ok 2 - fails the payment transition atomically when the ops outbox claim fails
      ---
      duration_ms: 0.60125
      type: 'test'
      ...
    1..2
ok 88 - manual paid confirmation
  ---
  duration_ms: 2.3435
  type: 'suite'
  ...
# Subtest: OTP lockout and resend flow
    # Subtest: accepts the correct code, verifies the order, and resets prior failures
    ok 1 - accepts the correct code, verifies the order, and resets prior failures
      ---
      duration_ms: 0.78975
      type: 'test'
      ...
    # Subtest: rejects an expired code without consuming a failed attempt
    ok 2 - rejects an expired code without consuming a failed attempt
      ---
      duration_ms: 0.313041
      type: 'test'
      ...
# otp_fail { order: 20, attempts: 1 }
# otp_fail { order: 20, attempts: 2 }
# otp_fail { order: 20, attempts: 3 }
# otp_fail { order: 20, attempts: 4 }
# otp_locked { order: 20 }
    # Subtest: locks verification after five wrong codes and honors the active lock
    ok 3 - locks verification after five wrong codes and honors the active lock
      ---
      duration_ms: 2.512833
      type: 'test'
      ...
    # Subtest: resends once, writes a fresh OTP, then throttles an immediate retry
    ok 4 - resends once, writes a fresh OTP, then throttles an immediate retry
      ---
      duration_ms: 0.425375
      type: 'test'
      ...
    # Subtest: does not reveal whether an unknown resend token exists
    ok 5 - does not reveal whether an unknown resend token exists
      ---
      duration_ms: 0.343875
      type: 'test'
      ...
    1..5
ok 89 - OTP lockout and resend flow
  ---
  duration_ms: 4.472417
  type: 'suite'
  ...
# Subtest: Shopify payment reconciliation
    # Subtest: records the actual amount only when amount, currency, and draft match
    ok 1 - records the actual amount only when amount, currency, and draft match
      ---
      duration_ms: 2.439167
      type: 'test'
      ...
    # Subtest: uses the checkout email for the shared OTP confirmation flow
    ok 2 - uses the checkout email for the shared OTP confirmation flow
      ---
      duration_ms: 0.672625
      type: 'test'
      ...
# shopify_payment_mismatch {
#   order: 9,
#   amountMatches: false,
#   currencyMatches: true,
#   draftMatches: true
# }
    # Subtest: quarantines a paid webhook whose amount does not match
    ok 3 - quarantines a paid webhook whose amount does not match
      ---
      duration_ms: 0.687167
      type: 'test'
      ...
    # Subtest: marks a newly created refund pending without treating it as complete
    ok 4 - marks a newly created refund pending without treating it as complete
      ---
      duration_ms: 1.365875
      type: 'test'
      ...
    # Subtest: finalizes a successful full refund as cancelled and refunded
    ok 5 - finalizes a successful full refund as cancelled and refunded
      ---
      duration_ms: 1.402625
      type: 'test'
      ...
    # Subtest: uses orders/updated to finalize a pending refund without a tracking property
    ok 6 - uses orders/updated to finalize a pending refund without a tracking property
      ---
      duration_ms: 1.051875
      type: 'test'
      ...
    # Subtest: keeps partial, failed, and currency-mismatched refunds under review
    ok 7 - keeps partial, failed, and currency-mismatched refunds under review
      ---
      duration_ms: 2.757083
      type: 'test'
      ...
    # Subtest: does not let a late paid event regress an order being refunded
    ok 8 - does not let a late paid event regress an order being refunded
      ---
      duration_ms: 0.56775
      type: 'test'
      ...
    # Subtest: does not let an out-of-order pending refund reopen a completed refund
    ok 9 - does not let an out-of-order pending refund reopen a completed refund
      ---
      duration_ms: 0.827917
      type: 'test'
      ...
    # Subtest: acknowledges unsupported signed Shopify topics without changing an order
    ok 10 - acknowledges unsupported signed Shopify topics without changing an order
      ---
      duration_ms: 1.500334
      type: 'test'
      ...
    # Subtest: acknowledges a refund for an unknown Shopify order without writes
    ok 11 - acknowledges a refund for an unknown Shopify order without writes
      ---
      duration_ms: 1.016625
      type: 'test'
      ...
    1..11
ok 90 - Shopify payment reconciliation
  ---
  duration_ms: 14.650042
  type: 'suite'
  ...
# Subtest: normalizeCode
    # Subtest: trims and uppercases
    ok 1 - trims and uppercases
      ---
      duration_ms: 0.521125
      type: 'test'
      ...
    # Subtest: handles null/undefined
    ok 2 - handles null/undefined
      ---
      duration_ms: 0.057917
      type: 'test'
      ...
    1..2
ok 91 - normalizeCode
  ---
  duration_ms: 1.156708
  type: 'suite'
  ...
# Subtest: normalizeBusinessPlanIds
    # Subtest: accepts arrays or stored JSON and removes invalid plans
    ok 1 - accepts arrays or stored JSON and removes invalid plans
      ---
      duration_ms: 0.383167
      type: 'test'
      ...
    1..1
ok 92 - normalizeBusinessPlanIds
  ---
  duration_ms: 0.429666
  type: 'suite'
  ...
# Subtest: computeDiscount
    # Subtest: percentage math (rounds to integer shekels)
    ok 1 - percentage math (rounds to integer shekels)
      ---
      duration_ms: 0.560625
      type: 'test'
      ...
    # Subtest: fixed amount
    ok 2 - fixed amount
      ---
      duration_ms: 0.060792
      type: 'test'
      ...
    # Subtest: fixed amount larger than subtotal clamps to subtotal (free order)
    ok 3 - fixed amount larger than subtotal clamps to subtotal (free order)
      ---
      duration_ms: 0.114875
      type: 'test'
      ...
    # Subtest: never negative
    ok 4 - never negative
      ---
      duration_ms: 0.177875
      type: 'test'
      ...
    1..4
ok 93 - computeDiscount
  ---
  duration_ms: 1.105708
  type: 'suite'
  ...
# Subtest: validateCoupon
    # Subtest: valid percentage coupon
    ok 1 - valid percentage coupon
      ---
      duration_ms: 0.275875
      type: 'test'
      ...
    # Subtest: case-insensitive: lowercase input is normalized before lookup
    ok 2 - case-insensitive: lowercase input is normalized before lookup
      ---
      duration_ms: 0.125459
      type: 'test'
      ...
    # Subtest: fixed discount bigger than price → free order, price 0 (never negative)
    ok 3 - fixed discount bigger than price → free order, price 0 (never negative)
      ---
      duration_ms: 0.145625
      type: 'test'
      ...
    # Subtest: expired coupon (ends_at in the past)
    ok 4 - expired coupon (ends_at in the past)
      ---
      duration_ms: 0.057417
      type: 'test'
      ...
    # Subtest: not-yet-started coupon (starts_at in the future)
    ok 5 - not-yet-started coupon (starts_at in the future)
      ---
      duration_ms: 0.088875
      type: 'test'
      ...
    # Subtest: inactive status
    ok 6 - inactive status
      ---
      duration_ms: 0.041
      type: 'test'
      ...
    # Subtest: usage limit reached
    ok 7 - usage limit reached
      ---
      duration_ms: 0.0625
      type: 'test'
      ...
    # Subtest: usage limit not yet reached → valid
    ok 8 - usage limit not yet reached → valid
      ---
      duration_ms: 0.047667
      type: 'test'
      ...
    # Subtest: once-per-customer already used
    ok 9 - once-per-customer already used
      ---
      duration_ms: 0.041416
      type: 'test'
      ...
    # Subtest: once-per-customer without customerKey does not block
    ok 10 - once-per-customer without customerKey does not block
      ---
      duration_ms: 0.245208
      type: 'test'
      ...
    # Subtest: unknown value_type → unsupported
    ok 11 - unknown value_type → unsupported
      ---
      duration_ms: 0.177959
      type: 'test'
      ...
    # Subtest: no such code in D1 → not_found
    ok 12 - no such code in D1 → not_found
      ---
      duration_ms: 0.038042
      type: 'test'
      ...
    # Subtest: empty/blank code → not_found without a D1 lookup
    ok 13 - empty/blank code → not_found without a D1 lookup
      ---
      duration_ms: 0.030208
      type: 'test'
      ...
    # Subtest: business-plan coupons are scoped and can target selected plans
    ok 14 - business-plan coupons are scoped and can target selected plans
      ---
      duration_ms: 0.144708
      type: 'test'
      ...
    1..14
ok 94 - validateCoupon
  ---
  duration_ms: 1.72225
  type: 'suite'
  ...
# Subtest: createCoupon
    # Subtest: creates a normalized row and returns it (defaults: active, no limits)
    ok 1 - creates a normalized row and returns it (defaults: active, no limits)
      ---
      duration_ms: 0.242375
      type: 'test'
      ...
    # Subtest: honors optional fields (dates, limit, once-per-customer, status)
    ok 2 - honors optional fields (dates, limit, once-per-customer, status)
      ---
      duration_ms: 0.059583
      type: 'test'
      ...
    # Subtest: stores business-plan scope and selected plan IDs
    ok 3 - stores business-plan scope and selected plan IDs
      ---
      duration_ms: 0.054042
      type: 'test'
      ...
    # Subtest: duplicate code → throws coupon_exists
    ok 4 - duplicate code → throws coupon_exists
      ---
      duration_ms: 0.186542
      type: 'test'
      ...
    # Subtest: rejects missing code, bad value_type, and non-positive value
    ok 5 - rejects missing code, bad value_type, and non-positive value
      ---
      duration_ms: 0.108459
      type: 'test'
      ...
    # Subtest: a created coupon validates immediately (no sync step)
    ok 6 - a created coupon validates immediately (no sync step)
      ---
      duration_ms: 0.4405
      type: 'test'
      ...
    # Subtest: enforces safe automatic first-delivery field combinations
    ok 7 - enforces safe automatic first-delivery field combinations
      ---
      duration_ms: 0.277375
      type: 'test'
      ...
    1..7
ok 95 - createCoupon
  ---
  duration_ms: 1.994333
  type: 'suite'
  ...
# Subtest: updateCoupon
    # Subtest: updates only the given fields and bumps synced_at
    ok 1 - updates only the given fields and bumps synced_at
      ---
      duration_ms: 0.448166
      type: 'test'
      ...
    # Subtest: normalizes booleans and nullable numbers
    ok 2 - normalizes booleans and nullable numbers
      ---
      duration_ms: 0.304042
      type: 'test'
      ...
    # Subtest: unknown code → null
    ok 3 - unknown code → null
      ---
      duration_ms: 0.190916
      type: 'test'
      ...
    # Subtest: no recognized fields → returns the row unchanged (no UPDATE)
    ok 4 - no recognized fields → returns the row unchanged (no UPDATE)
      ---
      duration_ms: 0.188167
      type: 'test'
      ...
    1..4
ok 96 - updateCoupon
  ---
  duration_ms: 1.520083
  type: 'suite'
  ...
# Subtest: deleteCoupon
    # Subtest: soft-delete: row stays, status becomes inactive, code stops validating
    ok 1 - soft-delete: row stays, status becomes inactive, code stops validating
      ---
      duration_ms: 0.199625
      type: 'test'
      ...
    # Subtest: unknown code → null
    ok 2 - unknown code → null
      ---
      duration_ms: 0.045667
      type: 'test'
      ...
    1..2
ok 97 - deleteCoupon
  ---
  duration_ms: 0.287292
  type: 'suite'
  ...
# Subtest: listCoupons
    # Subtest: returns all rows with their redemption counts
    ok 1 - returns all rows with their redemption counts
      ---
      duration_ms: 0.151875
      type: 'test'
      ...
    # Subtest: empty table → []
    ok 2 - empty table → []
      ---
      duration_ms: 0.036208
      type: 'test'
      ...
    1..2
ok 98 - listCoupons
  ---
  duration_ms: 0.217583
  type: 'suite'
  ...
# Subtest: recordRedemption
    # Subtest: no limits → unconditional insert of a normalized row with created_at
    ok 1 - no limits → unconditional insert of a normalized row with created_at
      ---
      duration_ms: 0.1445
      type: 'test'
      ...
    # Subtest: atomic guard: concurrency-shaped — two racers past validation, only one records (limit 1)
    ok 2 - atomic guard: concurrency-shaped — two racers past validation, only one records (limit 1)
      ---
      duration_ms: 0.117792
      type: 'test'
      ...
    # Subtest: atomic guard: insert rejected when count already at usage_limit
    ok 3 - atomic guard: insert rejected when count already at usage_limit
      ---
      duration_ms: 0.042875
      type: 'test'
      ...
    # Subtest: atomic guard: once-per-customer rejects a second redemption for the same key only
    ok 4 - atomic guard: once-per-customer rejects a second redemption for the same key only
      ---
      duration_ms: 0.059
      type: 'test'
      ...
    # Subtest: once-per-customer without a customerKey skips the guard (matches validateCoupon)
    ok 5 - once-per-customer without a customerKey skips the guard (matches validateCoupon)
      ---
      duration_ms: 0.032875
      type: 'test'
      ...
    1..5
ok 99 - recordRedemption
  ---
  duration_ms: 0.441917
  type: 'suite'
  ...
# Subtest: business coupon redemptions
    # Subtest: records against a wallet top-up and can release a failed checkout reservation
    ok 1 - records against a wallet top-up and can release a failed checkout reservation
      ---
      duration_ms: 0.11125
      type: 'test'
      ...
    1..1
ok 100 - business coupon redemptions
  ---
  duration_ms: 0.137834
  type: 'suite'
  ...
# Subtest: order persistence
    # Subtest: stores service, size, and schedule fields with aligned SQL bindings
    ok 1 - stores service, size, and schedule fields with aligned SQL bindings
      ---
      duration_ms: 1.457458
      type: 'test'
      ...
    1..1
ok 101 - order persistence
  ---
  duration_ms: 1.806208
  type: 'suite'
  ...
# Subtest: GPS retention
    # Subtest: prunes old pings after insertion and bounds trail reads
    ok 1 - prunes old pings after insertion and bounds trail reads
      ---
      duration_ms: 0.377375
      type: 'test'
      ...
    # Subtest: mirrors native samples idempotently with their captured timestamps
    ok 2 - mirrors native samples idempotently with their captured timestamps
      ---
      duration_ms: 0.161083
      type: 'test'
      ...
    1..2
ok 102 - GPS retention
  ---
  duration_ms: 0.603625
  type: 'suite'
  ...
# (node:2958) ExperimentalWarning: SQLite is an experimental feature and might change at any time
# (Use `node --trace-warnings ...` to show where the warning was created)
# Subtest: delivery completion transaction
    # Subtest: a later statement failure rolls back order, history, transition, and jobs
    ok 1 - a later statement failure rolls back order, history, transition, and jobs
      ---
      duration_ms: 1.992
      type: 'test'
      ...
    # Subtest: competing completion identities produce one transition and one email job
    ok 2 - competing completion identities produce one transition and one email job
      ---
      duration_ms: 0.832916
      type: 'test'
      ...
    # Subtest: does not overwrite a concurrent terminal state after the Ops snapshot
    ok 3 - does not overwrite a concurrent terminal state after the Ops snapshot
      ---
      duration_ms: 0.60675
      type: 'test'
      ...
    # Subtest: rejects an illegal source state even when the supplied snapshot matches it
    ok 4 - rejects an illegal source state even when the supplied snapshot matches it
      ---
      duration_ms: 0.5155
      type: 'test'
      ...
    # Subtest: driver completion rolls back event, order, history, transition, and jobs together
    ok 5 - driver completion rolls back event, order, history, transition, and jobs together
      ---
      duration_ms: 1.093334
      type: 'test'
      ...
    # Subtest: competing driver event IDs create one transition and one email job
    ok 6 - competing driver event IDs create one transition and one email job
      ---
      duration_ms: 2.83125
      type: 'test'
      ...
    # Subtest: retained failure rolls back event, custody, history, and email job together
    ok 7 - retained failure rolls back event, custody, history, and email job together
      ---
      duration_ms: 1.556042
      type: 'test'
      ...
    # Subtest: retained failure atomically records custody and one disposition-specific email job
    ok 8 - retained failure atomically records custody and one disposition-specific email job
      ---
      duration_ms: 1.224208
      type: 'test'
      ...
    1..8
ok 103 - delivery completion transaction
  ---
  duration_ms: 11.188334
  type: 'suite'
  ...
# Subtest: delivery notification outbox
    # Subtest: event replay creates one email job and never infers phone consent
    ok 1 - event replay creates one email job and never infers phone consent
      ---
      duration_ms: 0.959334
      type: 'test'
      ...
    # Subtest: explicit persisted phone consent adds one WhatsApp template job
    ok 2 - explicit persisted phone consent adds one WhatsApp template job
      ---
      duration_ms: 0.695
      type: 'test'
      ...
    # Subtest: retained failures enqueue one email job without reusing phone consent
    ok 3 - retained failures enqueue one email job without reusing phone consent
      ---
      duration_ms: 0.187541
      type: 'test'
      ...
    # Subtest: retained-failure email gives a truthful 24-hour next step and tracking link
    ok 4 - retained-failure email gives a truthful 24-hour next step and tracking link
      ---
      duration_ms: 1.366041
      type: 'test'
      ...
    # Subtest: returning failure copy requires no customer action and escapes order data
    ok 5 - returning failure copy requires no customer action and escapes order data
      ---
      duration_ms: 0.087958
      type: 'test'
      ...
    # Subtest: consented WhatsApp delivery uses an approved template without a proof token
    ok 6 - consented WhatsApp delivery uses an approved template without a proof token
      ---
      duration_ms: 11.556875
      type: 'test'
      ...
    # Subtest: paid-order replay creates one PII-free operations template job
    ok 7 - paid-order replay creates one PII-free operations template job
      ---
      duration_ms: 0.58575
      type: 'test'
      ...
    # Subtest: retryable provider failures back off while permanent failures dead-letter
    ok 8 - retryable provider failures back off while permanent failures dead-letter
      ---
      duration_ms: 1.971375
      type: 'test'
      ...
    # Subtest: missing credentials and class-specific config fail closed without network calls
    ok 9 - missing credentials and class-specific config fail closed without network calls
      ---
      duration_ms: 0.672542
      type: 'test'
      ...
    # Subtest: failed work backs off and later succeeds with the same logical job
    ok 10 - failed work backs off and later succeeds with the same logical job
      ---
      duration_ms: 0.657459
      type: 'test'
      ...
    # Subtest: legacy phone jobs are permanently disabled without persisted opt-in
    ok 11 - legacy phone jobs are permanently disabled without persisted opt-in
      ---
      duration_ms: 0.159042
      type: 'test'
      ...
    # Subtest: concurrent processors lease one job to one sender
    ok 12 - concurrent processors lease one job to one sender
      ---
      duration_ms: 0.989167
      type: 'test'
      ...
    # Subtest: retry count is bounded and exhausts to dead
    ok 13 - retry count is bounded and exhausts to dead
      ---
      duration_ms: 0.387625
      type: 'test'
      ...
    # Subtest: each invocation processes no more than its configured bound
    ok 14 - each invocation processes no more than its configured bound
      ---
      duration_ms: 0.383833
      type: 'test'
      ...
    # Subtest: an expired lease is reclaimed after a worker crash
    ok 15 - an expired lease is reclaimed after a worker crash
      ---
      duration_ms: 0.114583
      type: 'test'
      ...
    # Subtest: an expired lease at the attempt limit is dead-lettered without another send
    ok 16 - an expired lease at the attempt limit is dead-lettered without another send
      ---
      duration_ms: 0.068583
      type: 'test'
      ...
    1..16
ok 104 - delivery notification outbox
  ---
  duration_ms: 21.557708
  type: 'suite'
  ...
# Subtest: driver API v1
    # Subtest: rejects missing device metadata before accessing D1
    ok 1 - rejects missing device metadata before accessing D1
      ---
      duration_ms: 10.149666
      type: 'test'
      ...
    # Subtest: accepts a client version with the app Git revision suffix
    ok 2 - accepts a client version with the app Git revision suffix
      ---
      duration_ms: 0.657083
      type: 'test'
      ...
    # Subtest: rejects arbitrary client version annotations
    ok 3 - rejects arbitrary client version annotations
      ---
      duration_ms: 0.288
      type: 'test'
      ...
    # Subtest: rejects an invalid bearer token without revealing session details
    ok 4 - rejects an invalid bearer token without revealing session details
      ---
      duration_ms: 3.828583
      type: 'test'
      ...
    # Subtest: exchanges the review credential and persists only token/code digests
    ok 5 - exchanges the review credential and persists only token/code digests
      ---
      duration_ms: 4.081
      type: 'test'
      ...
    # Subtest: accepts an additional driver code without replacing the primary review code
    ok 6 - accepts an additional driver code without replacing the primary review code
      ---
      duration_ms: 1.138
      type: 'test'
      ...
    # Subtest: rejects codes outside the primary and additional configured set
    ok 7 - rejects codes outside the primary and additional configured set
      ---
      duration_ms: 1.256583
      type: 'test'
      ...
    # Subtest: rejects a legacy additional code that has already been consumed
    ok 8 - rejects a legacy additional code that has already been consumed
      ---
      duration_ms: 1.506833
      type: 'test'
      ...
    # Subtest: rotates both tokens using an installation-bound refresh token
    ok 9 - rotates both tokens using an installation-bound refresh token
      ---
      duration_ms: 1.502834
      type: 'test'
      ...
    # Subtest: returns the authenticated driver current shift
    ok 10 - returns the authenticated driver current shift
      ---
      duration_ms: 0.754833
      type: 'test'
      ...
    # Subtest: registers an APNs token for the authenticated installation
    ok 11 - registers an APNs token for the authenticated installation
      ---
      duration_ms: 0.58325
      type: 'test'
      ...
    # Subtest: rejects unauthenticated APNs registration before writing a device
    ok 12 - rejects unauthenticated APNs registration before writing a device
      ---
      duration_ms: 0.151833
      type: 'test'
      ...
    # Subtest: rejects malformed or over-posted APNs registrations without writing
    ok 13 - rejects malformed or over-posted APNs registrations without writing
      ---
      duration_ms: 1.644791
      type: 'test'
      ...
    # Subtest: removes the authenticated installation APNs registration on logout
    ok 14 - removes the authenticated installation APNs registration on logout
      ---
      duration_ms: 0.60675
      type: 'test'
      ...
    # Subtest: returns a revisioned mixed pickup/drop-off task route
    ok 15 - returns a revisioned mixed pickup/drop-off task route
      ---
      duration_ms: 0.703084
      type: 'test'
      ...
    # Subtest: maps the legacy queue_changed route reason to the public mobile contract
    ok 16 - maps the legacy queue_changed route reason to the public mobile contract
      ---
      duration_ms: 0.392417
      type: 'test'
      ...
    # Subtest: stores authenticated pickup proof against the assigned route task
    ok 17 - stores authenticated pickup proof against the assigned route task
      ---
      duration_ms: 1.067791
      type: 'test'
      ...
    # Subtest: rejects proof for an order not assigned to the driver
    ok 18 - rejects proof for an order not assigned to the driver
      ---
      duration_ms: 0.36625
      type: 'test'
      ...
    # Subtest: requires a valid photo or signature for task proof
    ok 19 - requires a valid photo or signature for task proof
      ---
      duration_ms: 2.183125
      type: 'test'
      ...
    # Subtest: advances the canonical order when a pickup task completes
    ok 20 - advances the canonical order when a pickup task completes
      ---
      duration_ms: 1.381167
      type: 'test'
      ...
    # Subtest: completes every order behind one grouped business pickup
    ok 21 - completes every order behind one grouped business pickup
      ---
      duration_ms: 0.932917
      type: 'test'
      ...
    # Subtest: starts drop-off navigation only after the package is picked up
    ok 22 - starts drop-off navigation only after the package is picked up
      ---
      duration_ms: 0.37725
      type: 'test'
      ...
    # Subtest: records an obsolete next stop as a route-revision conflict
    ok 23 - records an obsolete next stop as a route-revision conflict
      ---
      duration_ms: 0.703709
      type: 'test'
      ...
    # Subtest: accepts an old revision when it still points to the canonical current stop
    ok 24 - accepts an old revision when it still points to the canonical current stop
      ---
      duration_ms: 0.953792
      type: 'test'
      ...
    # Subtest: atomically creates one SendGrid email job on delivery
    ok 25 - atomically creates one SendGrid email job on delivery
      ---
      duration_ms: 5.136167
      type: 'test'
      ...
    # Subtest: treats a replayed execution event as an idempotent duplicate
    ok 26 - treats a replayed execution event as an idempotent duplicate
      ---
      duration_ms: 0.510584
      type: 'test'
      ...
    # Subtest: refreshes auto-dispatch after an accepted terminal task transition
    ok 27 - refreshes auto-dispatch after an accepted terminal task transition
      ---
      duration_ms: 9.92075
      type: 'test'
      ...
    # Subtest: validates the package disposition on a failed delivery without breaking legacy clients
    ok 28 - validates the package disposition on a failed delivery without breaking legacy clients
      ---
      duration_ms: 1.68675
      type: 'test'
      ...
    # Subtest: records whether a failed delivery left the package with the driver
    ok 29 - records whether a failed delivery left the package with the driver
      ---
      duration_ms: 1.0105
      type: 'test'
      ...
    # Subtest: a retained return leg can be navigated and closed without jamming the driver
    ok 30 - a retained return leg can be navigated and closed without jamming the driver
      ---
      duration_ms: 1.531958
      type: 'test'
      ...
    # Subtest: records a cancelled-order completion as a conflict without changing the order
    ok 31 - records a cancelled-order completion as a conflict without changing the order
      ---
      duration_ms: 0.371334
      type: 'test'
      ...
    # Subtest: accepts bounded location samples for the active authenticated shift
    ok 32 - accepts bounded location samples for the active authenticated shift
      ---
      duration_ms: 0.623125
      type: 'test'
      ...
    # Subtest: mirrors reliable current-leg samples for live assigned orders even on upload retry
    ok 33 - mirrors reliable current-leg samples for live assigned orders even on upload retry
      ---
      duration_ms: 0.469458
      type: 'test'
      ...
    # Subtest: rejects stale or inaccurate location samples without persisting them
    ok 34 - rejects stale or inaccurate location samples without persisting them
      ---
      duration_ms: 1.230084
      type: 'test'
      ...
    1..34
ok 105 - driver API v1
  ---
  duration_ms: 61.044917
  type: 'suite'
  ...
# Subtest: driver dispatch planning
    # Subtest: builds mixed pickup/drop-off tasks and excludes an already completed pickup
    ok 1 - builds mixed pickup/drop-off tasks and excludes an already completed pickup
      ---
      duration_ms: 1.001291
      type: 'test'
      ...
    # Subtest: groups one business batch into one physical pickup and keeps every drop-off
    ok 2 - groups one business batch into one physical pickup and keeps every drop-off
      ---
      duration_ms: 0.240583
      type: 'test'
      ...
    # Subtest: does not combine pickups belonging to different business accounts or schedules
    ok 3 - does not combine pickups belonging to different business accounts or schedules
      ---
      duration_ms: 0.102625
      type: 'test'
      ...
    # Subtest: publishes grouped siblings as contract-onboard for released driver clients
    ok 4 - publishes grouped siblings as contract-onboard for released driver clients
      ---
      duration_ms: 15.853167
      type: 'test'
      ...
    # Subtest: keeps future paid orders out of the active route until their Israel delivery date
    ok 5 - keeps future paid orders out of the active route until their Israel delivery date
      ---
      duration_ms: 2.586916
      type: 'test'
      ...
    # Subtest: routes a return leg for a retained package and holds a redelivery until it is paid
    ok 6 - routes a return leg for a retained package and holds a redelivery until it is paid
      ---
      duration_ms: 0.147916
      type: 'test'
      ...
    # Subtest: a released redelivery routes a fresh drop-off to the corrected destination
    ok 7 - a released redelivery routes a fresh drop-off to the corrected destination
      ---
      duration_ms: 0.13225
      type: 'test'
      ...
    # Subtest: a retained return without pickup coordinates is blocked rather than mislocated
    ok 8 - a retained return without pickup coordinates is blocked rather than mislocated
      ---
      duration_ms: 0.123583
      type: 'test'
      ...
    # Subtest: orders by distance while preserving pickup-before-drop-off precedence
    ok 9 - orders by distance while preserving pickup-before-drop-off precedence
      ---
      duration_ms: 0.268125
      type: 'test'
      ...
    # Subtest: keeps an ongoing navigation task locked at the front
    ok 10 - keeps an ongoing navigation task locked at the front
      ---
      duration_ms: 0.257625
      type: 'test'
      ...
    # Subtest: starts an unlocked route at the task nearest the driver
    ok 11 - starts an unlocked route at the task nearest the driver
      ---
      duration_ms: 0.057292
      type: 'test'
      ...
    # Subtest: improves the whole trailing path instead of keeping a greedy local choice
    ok 12 - improves the whole trailing path instead of keeping a greedy local choice
      ---
      duration_ms: 0.153708
      type: 'test'
      ...
    # Subtest: blocks eligible orders that do not have every required coordinate
    ok 13 - blocks eligible orders that do not have every required coordinate
      ---
      duration_ms: 0.046291
      type: 'test'
      ...
    # Subtest: persists one immutable revision and only adds another when the queue changes
    ok 14 - persists one immutable revision and only adds another when the queue changes
      ---
      duration_ms: 2.139875
      type: 'test'
      ...
    # Subtest: replans an unchanged active queue when the route policy version changes
    ok 15 - replans an unchanged active queue when the route policy version changes
      ---
      duration_ms: 1.137917
      type: 'test'
      ...
    # Subtest: attempts a best-effort push only when route reconciliation creates a revision
    ok 16 - attempts a best-effort push only when route reconciliation creates a revision
      ---
      duration_ms: 0.879875
      type: 'test'
      ...
    # Subtest: creates a new revision when routing inputs change
    ok 17 - creates a new revision when routing inputs change
      ---
      duration_ms: 0.767292
      type: 'test'
      ...
    # Subtest: serializes concurrent route generation into one revision
    ok 18 - serializes concurrent route generation into one revision
      ---
      duration_ms: 0.475417
      type: 'test'
      ...
    # Subtest: uses a fresh accurate driver sample as the dispatch origin
    ok 19 - uses a fresh accurate driver sample as the dispatch origin
      ---
      duration_ms: 0.313542
      type: 'test'
      ...
    # Subtest: keeps a rejected inserted order out of the active shift route
    ok 20 - keeps a rejected inserted order out of the active shift route
      ---
      duration_ms: 0.326041
      type: 'test'
      ...
    1..20
ok 106 - driver dispatch planning
  ---
  duration_ms: 27.862875
  type: 'suite'
  ...
# (node:2962) ExperimentalWarning: SQLite is an experimental feature and might change at any time
# (Use `node --trace-warnings ...` to show where the warning was created)
# Subtest: driver login invitations
    # Subtest: generates unbiased eight-digit codes
    ok 1 - generates unbiased eight-digit codes
      ---
      duration_ms: 2.262208
      type: 'test'
      ...
    # Subtest: returns the code once while persisting only its keyed hash
    ok 2 - returns the code once while persisting only its keyed hash
      ---
      duration_ms: 8.655041
      type: 'test'
      ...
    # Subtest: revokes an older active invitation when Ops issues a replacement
    ok 3 - revokes an older active invitation when Ops issues a replacement
      ---
      duration_ms: 8.727667
      type: 'test'
      ...
    # Subtest: leaves one active invitation when replacements are issued concurrently
    ok 4 - leaves one active invitation when replacements are issued concurrently
      ---
      duration_ms: 4.985084
      type: 'test'
      ...
    # Subtest: exchanges a valid invitation once and binds the session to its driver
    ok 5 - exchanges a valid invitation once and binds the session to its driver
      ---
      duration_ms: 15.056291
      type: 'test'
      ...
    # Subtest: rejects an expired or revoked invitation
    ok 6 - rejects an expired or revoked invitation
      ---
      duration_ms: 2.642209
      type: 'test'
      ...
    # Subtest: marks consumption without storing the raw invitation code
    ok 7 - marks consumption without storing the raw invitation code
      ---
      duration_ms: 1.9305
      type: 'test'
      ...
    # Subtest: keeps the dedicated Apple review credential reusable and audited as sessions
    ok 8 - keeps the dedicated Apple review credential reusable and audited as sessions
      ---
      duration_ms: 2.852834
      type: 'test'
      ...
# driver_invitation_created {
#   invitation_id: 'di_afc5ebbdf8ed4bfa8d440715784b82e5',
#   driver_id: 'drv_eden',
#   expires_at: '2026-10-10T16:21:05.210Z'
# }
# driver_invitation_created {
#   invitation_id: 'di_f426ba6bbcf946cca1b2ee166270f8e9',
#   driver_id: 'drv_eden',
#   expires_at: '2026-10-10T16:21:05.212Z'
# }
    # Subtest: requires Ops authentication and accepts only the Ops or configured storefront origin
    ok 9 - requires Ops authentication and accepts only the Ops or configured storefront origin
      ---
      duration_ms: 8.320583
      type: 'test'
      ...
    1..9
ok 107 - driver login invitations
  ---
  duration_ms: 56.424042
  type: 'suite'
  ...
# (node:2963) ExperimentalWarning: SQLite is an experimental feature and might change at any time
# (Use `node --trace-warnings ...` to show where the warning was created)
# Subtest: migration 023 stores only hashed expiring per-driver invitations
ok 108 - migration 023 stores only hashed expiring per-driver invitations
  ---
  duration_ms: 1.002208
  type: 'test'
  ...
# Subtest: deployment workflows apply migration 023 before driver invitations are enabled
ok 109 - deployment workflows apply migration 023 before driver invitations are enabled
  ---
  duration_ms: 0.785042
  type: 'test'
  ...
# (node:2964) ExperimentalWarning: SQLite is an experimental feature and might change at any time
# (Use `node --trace-warnings ...` to show where the warning was created)
# Subtest: driver push migration creates the device registry and active lookup index
ok 110 - driver push migration creates the device registry and active lookup index
  ---
  duration_ms: 0.928917
  type: 'test'
  ...
# Subtest: driver APNs notifications
    # Subtest: creates a verifiable ES256 APNs provider token from the configured p8 key
    ok 1 - creates a verifiable ES256 APNs provider token from the configured p8 key
      ---
      duration_ms: 7.876042
      type: 'test'
      ...
    # Subtest: validates opaque APNs tokens, environment and allowlisted topics
    ok 2 - validates opaque APNs tokens, environment and allowlisted topics
      ---
      duration_ms: 0.182167
      type: 'test'
      ...
    # Subtest: upserts one authenticated installation without logging or returning its token
    ok 3 - upserts one authenticated installation without logging or returning its token
      ---
      duration_ms: 0.240375
      type: 'test'
      ...
    # Subtest: removes only the authenticated driver installation
    ok 4 - removes only the authenticated driver installation
      ---
      duration_ms: 0.070334
      type: 'test'
      ...
    # Subtest: sends a privacy-safe new-delivery alert to the correct APNs environment
    ok 5 - sends a privacy-safe new-delivery alert to the correct APNs environment
      ---
      duration_ms: 8.350167
      type: 'test'
      ...
    # Subtest: uses the approved operational copy for a route-only update
    ok 6 - uses the approved operational copy for a route-only update
      ---
      duration_ms: 0.159209
      type: 'test'
      ...
    # Subtest: disables an APNs token after a permanent provider rejection
    ok 7 - disables an APNs token after a permanent provider rejection
      ---
      duration_ms: 1.129208
      type: 'test'
      ...
    # Subtest: keeps a device enabled after a retryable provider or network failure
    ok 8 - keeps a device enabled after a retryable provider or network failure
      ---
      duration_ms: 0.40125
      type: 'test'
      ...
    # Subtest: refreshes an expired provider token and retries the device once
    ok 9 - refreshes an expired provider token and retries the device once
      ---
      duration_ms: 0.384083
      type: 'test'
      ...
    # Subtest: continues fan-out when one device is permanently rejected
    ok 10 - continues fan-out when one device is permanently rejected
      ---
      duration_ms: 0.475458
      type: 'test'
      ...
    # Subtest: cleans up stale and long-disabled installations at the retention boundary
    ok 11 - cleans up stale and long-disabled installations at the retention boundary
      ---
      duration_ms: 0.103416
      type: 'test'
      ...
    # Subtest: fails open when APNs provider credentials are not configured
    ok 12 - fails open when APNs provider credentials are not configured
      ---
      duration_ms: 0.056542
      type: 'test'
      ...
    1..12
ok 111 - driver APNs notifications
  ---
  duration_ms: 20.834209
  type: 'suite'
  ...
# Subtest: public-order email validation
    # Subtest: normalizes and accepts valid provider and custom-domain addresses
    ok 1 - normalizes and accepts valid provider and custom-domain addresses
      ---
      duration_ms: 0.672833
      type: 'test'
      ...
    # Subtest: blocks gmail.con and returns a correction
    ok 2 - blocks gmail.con and returns a correction
      ---
      duration_ms: 0.803125
      type: 'test'
      ...
    # Subtest: blocks the observed Israeli suffix typo
    ok 3 - blocks the observed Israeli suffix typo
      ---
      duration_ms: 0.217208
      type: 'test'
      ...
    # Subtest: blocks common provider typos without rejecting unrelated domains
    ok 4 - blocks common provider typos without rejecting unrelated domains
      ---
      duration_ms: 0.076083
      type: 'test'
      ...
    # Subtest: rejects malformed local parts and domain labels
    ok 5 - rejects malformed local parts and domain labels
      ---
      duration_ms: 0.171916
      type: 'test'
      ...
    1..5
ok 112 - public-order email validation
  ---
  duration_ms: 2.430667
  type: 'suite'
  ...
# (node:2967) ExperimentalWarning: SQLite is an experimental feature and might change at any time
# (Use `node --trace-warnings ...` to show where the warning was created)
# (node:2967) ExperimentalWarning: The MockTimers API is an experimental feature and might change at any time
# Subtest: automatic first-delivery promotion API
    # Subtest: previews and creates one discounted private order from authoritative pricing
    ok 1 - previews and creates one discounted private order from authoritative pricing
      ---
      duration_ms: 21.859333
      type: 'test'
      ...
# shopify_draft_order_create_failed {
#   kind: 'user_error',
#   errors: [ { field: 'input.email', message: 'Email is invalid' } ]
# }
# order_checkout_creation_failed { order: 1, discounted: true, kind: 'user_error' }
    # Subtest: releases the promotion and redemption when Shopify checkout fails, then discounts the retry
    ok 2 - releases the promotion and redemption when Shopify checkout fails, then discounts the retry
      ---
      duration_ms: 8.432125
      type: 'test'
      ...
    # Subtest: prior paid phone or email blocks auto apply and manual-code bypass
    ok 3 - prior paid phone or email blocks auto apply and manual-code bypass
      ---
      duration_ms: 5.064583
      type: 'test'
      ...
    # Subtest: a private manual coupon replaces rather than stacks with the automatic offer
    ok 4 - a private manual coupon replaces rather than stacks with the automatic offer
      ---
      duration_ms: 4.9515
      type: 'test'
      ...
    1..4
ok 113 - automatic first-delivery promotion API
  ---
  duration_ms: 40.860125
  type: 'suite'
  ...
# (node:2968) ExperimentalWarning: SQLite is an experimental feature and might change at any time
# (Use `node --trace-warnings ...` to show where the warning was created)
# (node:2968) ExperimentalWarning: The MockTimers API is an experimental feature and might change at any time
# Subtest: migration 031 upgrades the latest pre-031 coupon and business-order schema
ok 114 - migration 031 upgrades the latest pre-031 coupon and business-order schema
  ---
  duration_ms: 1.949875
  type: 'test'
  ...
# Subtest: private eligibility checks both normalized identities and the inclusive end instant
ok 115 - private eligibility checks both normalized identities and the inclusive end instant
  ---
  duration_ms: 4.110583
  type: 'test'
  ...
# Subtest: business eligibility uses authenticated account identity and blocks wallet-paid history
ok 116 - business eligibility uses authenticated account identity and blocks wallet-paid history
  ---
  duration_ms: 3.109584
  type: 'test'
  ...
# Subtest: first-delivery claims are atomic and business idempotency reuses one claim
ok 117 - first-delivery claims are atomic and business idempotency reuses one claim
  ---
  duration_ms: 3.444958
  type: 'test'
  ...
# Subtest: deployment checklists reference migration 031 without running it
ok 118 - deployment checklists reference migration 031 without running it
  ---
  duration_ms: 0.181167
  type: 'test'
  ...
# Subtest: production email defaults preserve the existing sender and subject
ok 119 - production email defaults preserve the existing sender and subject
  ---
  duration_ms: 11.895875
  type: 'test'
  ...
# Subtest: staging email uses its isolated sender, prefix, and allowlisted recipient
ok 120 - staging email uses its isolated sender, prefix, and allowlisted recipient
  ---
  duration_ms: 0.170083
  type: 'test'
  ...
# Subtest: allowlist mode blocks nonmatching, empty, and invalid policy configurations
ok 121 - allowlist mode blocks nonmatching, empty, and invalid policy configurations
  ---
  duration_ms: 0.135417
  type: 'test'
  ...
# Subtest: server-rendered ops page uses explicit GPS controls without automatic prompts
ok 122 - server-rendered ops page uses explicit GPS controls without automatic prompts
  ---
  duration_ms: 1.657333
  type: 'test'
  ...
# Subtest: ops board surfaces a held package with a fee suggestion and the 24h auto-return notice
ok 123 - ops board surfaces a held package with a fee suggestion and the 24h auto-return notice
  ---
  duration_ms: 0.267
  type: 'test'
  ...
# Subtest: ops exposes per-driver manual and QR pairing without embedding review credentials
ok 124 - ops exposes per-driver manual and QR pairing without embedding review credentials
  ---
  duration_ms: 0.132625
  type: 'test'
  ...
# Subtest: ops offers a guarded action only for server-classified stale checkout orphans
ok 125 - ops offers a guarded action only for server-classified stale checkout orphans
  ---
  duration_ms: 0.469584
  type: 'test'
  ...
# Subtest: payment confirmation capability
    # Subtest: binds a short-lived signed capability to one order
    ok 1 - binds a short-lived signed capability to one order
      ---
      duration_ms: 4.36775
      type: 'test'
      ...
    # Subtest: keeps an unpaid checkout pending and returns no order data
    ok 2 - keeps an unpaid checkout pending and returns no order data
      ---
      duration_ms: 11.17975
      type: 'test'
      ...
    # Subtest: confirms only the authoritative paid state
    ok 3 - confirms only the authoritative paid state
      ---
      duration_ms: 1.416416
      type: 'test'
      ...
    # Subtest: rejects a tampered capability without querying by attacker input
    ok 4 - rejects a tampered capability without querying by attacker input
      ---
      duration_ms: 0.910583
      type: 'test'
      ...
    1..4
ok 126 - payment confirmation capability
  ---
  duration_ms: 18.428167
  type: 'suite'
  ...
# (node:2972) ExperimentalWarning: SQLite is an experimental feature and might change at any time
# (Use `node --trace-warnings ...` to show where the warning was created)
# Subtest: migration 024 stores an optional phone-link consent and timestamp
ok 127 - migration 024 stores an optional phone-link consent and timestamp
  ---
  duration_ms: 0.891917
  type: 'test'
  ...
# Subtest: deployment workflows require migration 024 before phone links are enabled
ok 128 - deployment workflows require migration 024 before phone links are enabled
  ---
  duration_ms: 0.593625
  type: 'test'
  ...
# Subtest: public quote API
    # Subtest: POST uses D1 overrides and returns the complete authoritative breakdown
    ok 1 - POST uses D1 overrides and returns the complete authoritative breakdown
      ---
      duration_ms: 15.071083
      type: 'test'
      ...
    # Subtest: GET supports integrations and normalizes query values
    ok 2 - GET supports integrations and normalizes query values
      ---
      duration_ms: 0.931333
      type: 'test'
      ...
    # Subtest: returns validation errors without inventing a quote
    ok 3 - returns validation errors without inventing a quote
      ---
      duration_ms: 1.465209
      type: 'test'
      ...
    # Subtest: returns unavailable route reasons without presenting the fallback as valid
    ok 4 - returns unavailable route reasons without presenting the fallback as valid
      ---
      duration_ms: 1.037417
      type: 'test'
      ...
    # Subtest: accepts Google Places English Tel Aviv locality variants as Zone 1
    ok 5 - accepts Google Places English Tel Aviv locality variants as Zone 1
      ---
      duration_ms: 2.910541
      type: 'test'
      ...
    # Subtest: legacy pricing config exposes the canonical Worker zones
    ok 6 - legacy pricing config exposes the canonical Worker zones
      ---
      duration_ms: 0.264125
      type: 'test'
      ...
    1..6
ok 129 - public quote API
  ---
  duration_ms: 22.266
  type: 'suite'
  ...
# redelivery_address_staged { order: 9001, zone: 1, fee: 25 }
# Subtest: POST /api/orders/:token/redelivery-address
    # Subtest: stages the corrected address and returns the zone-derived fee, without dispatching
    ok 1 - stages the corrected address and returns the zone-derived fee, without dispatching
      ---
      duration_ms: 13.226875
      type: 'test'
      ...
    # Subtest: requires OTP verification before an address change is accepted
    ok 2 - requires OTP verification before an address change is accepted
      ---
      duration_ms: 0.402083
      type: 'test'
      ...
    # Subtest: fails closed if payment starts between the charge check and address staging
    ok 3 - fails closed if payment starts between the charge check and address staging
      ---
      duration_ms: 0.347
      type: 'test'
      ...
    # Subtest: rejects an order that is not awaiting redelivery
    ok 4 - rejects an order that is not awaiting redelivery
      ---
      duration_ms: 0.299792
      type: 'test'
      ...
    # Subtest: requires routable coordinates so a driver is never sent to an unnavigable pin
    ok 5 - requires routable coordinates so a driver is never sent to an unnavigable pin
      ---
      duration_ms: 0.504583
      type: 'test'
      ...
    # Subtest: rejects a destination outside the served zones
    ok 6 - rejects a destination outside the served zones
      ---
      duration_ms: 0.464833
      type: 'test'
      ...
    # Subtest: an unknown token is not found
    ok 7 - an unknown token is not found
      ---
      duration_ms: 0.171542
      type: 'test'
      ...
    1..7
ok 130 - POST /api/orders/:token/redelivery-address
  ---
  duration_ms: 15.81775
  type: 'suite'
  ...
# redelivery_released { order: 9001, city: 'גבעתיים', fee: 25 }
# Subtest: POST /api/ops/orders/:id/release-redelivery
    # Subtest: promotes the staged address to the live destination and marks it a redelivery
    ok 1 - promotes the staged address to the live destination and marks it a redelivery
      ---
      duration_ms: 4.611792
      type: 'test'
      ...
    # Subtest: refuses to release an order that is not awaiting redelivery
    ok 2 - refuses to release an order that is not awaiting redelivery
      ---
      duration_ms: 2.12
      type: 'test'
      ...
    # Subtest: refuses to release a corrected address before Shopify payment is verified
    ok 3 - refuses to release a corrected address before Shopify payment is verified
      ---
      duration_ms: 0.822583
      type: 'test'
      ...
    # Subtest: is idempotent once already released
    ok 4 - is idempotent once already released
      ---
      duration_ms: 0.660084
      type: 'test'
      ...
    # Subtest: rejects an unauthenticated caller
    ok 5 - rejects an unauthenticated caller
      ---
      duration_ms: 0.250834
      type: 'test'
      ...
    1..5
ok 131 - POST /api/ops/orders/:id/release-redelivery
  ---
  duration_ms: 8.780791
  type: 'suite'
  ...
# (node:2975) ExperimentalWarning: SQLite is an experimental feature and might change at any time
# (Use `node --trace-warnings ...` to show where the warning was created)
# Subtest: migrations 025 and 026 add retained-package and staged-redelivery state
ok 132 - migrations 025 and 026 add retained-package and staged-redelivery state
  ---
  duration_ms: 0.958167
  type: 'test'
  ...
# Subtest: deployment workflows require migrations 025, 026, and 028 before redelivery is enabled
ok 133 - deployment workflows require migrations 025, 026, and 028 before redelivery is enabled
  ---
  duration_ms: 1.19225
  type: 'test'
  ...
# Subtest: migration 028 creates a purpose-specific redelivery charge ledger
ok 134 - migration 028 creates a purpose-specific redelivery charge ledger
  ---
  duration_ms: 0.510917
  type: 'test'
  ...
# shopify_webhook_registration_failed { code: 'list_network_error' }
# (node:2976) ExperimentalWarning: SQLite is an experimental feature and might change at any time
# (Use `node --trace-warnings ...` to show where the warning was created)
# Subtest: redelivery Shopify payment boundary
    # Subtest: does not create a charge from an address snapshot that has already changed
    ok 1 - does not create a charge from an address snapshot that has already changed
      ---
      duration_ms: 4.730417
      type: 'test'
      ...
    # Subtest: tracking exposes an OTP-gated redelivery action without leaking staged JSON
    ok 2 - tracking exposes an OTP-gated redelivery action without leaking staged JSON
      ---
      duration_ms: 15.339833
      type: 'test'
      ...
    # Subtest: creates one purpose-specific Draft Order without changing the original payment
    ok 3 - creates one purpose-specific Draft Order without changing the original payment
      ---
      duration_ms: 4.970834
      type: 'test'
      ...
# redelivery_released { order: 9001, city: 'גבעתיים', fee: 25 }
    # Subtest: reconciles the extra charge, then lets Ops release the corrected route
    ok 4 - reconciles the extra charge, then lets Ops release the corrected route
      ---
      duration_ms: 9.183042
      type: 'test'
      ...
    # Subtest: does not release an address that differs from the paid charge snapshot
    ok 5 - does not release an address that differs from the paid charge snapshot
      ---
      duration_ms: 4.92325
      type: 'test'
      ...
    # Subtest: flags a redelivery refund for manual review without changing the original payment
    ok 6 - flags a redelivery refund for manual review without changing the original payment
      ---
      duration_ms: 4.514583
      type: 'test'
      ...
    1..6
ok 135 - redelivery Shopify payment boundary
  ---
  duration_ms: 44.259
  type: 'suite'
  ...
# (node:2977) ExperimentalWarning: SQLite is an experimental feature and might change at any time
# (Use `node --trace-warnings ...` to show where the warning was created)
# Subtest: migration 027 preserves delivered jobs and permits retained-failure jobs
ok 136 - migration 027 preserves delivered jobs and permits retained-failure jobs
  ---
  duration_ms: 1.284208
  type: 'test'
  ...
# Subtest: deployment workflows require migration 027 before retained-failure emails
ok 137 - deployment workflows require migration 027 before retained-failure emails
  ---
  duration_ms: 0.662208
  type: 'test'
  ...
# Subtest: retention cleanup applies bounded periods without deleting core orders
ok 138 - retention cleanup applies bounded periods without deleting core orders
  ---
  duration_ms: 0.470583
  type: 'test'
  ...
# Subtest: held-package auto-return reverts only stale holds and always resolves them
ok 139 - held-package auto-return reverts only stale holds and always resolves them
  ---
  duration_ms: 0.214375
  type: 'test'
  ...
# Subtest: extra-stop retry fee
    # Subtest: prices per zone at half a standard delivery
    ok 1 - prices per zone at half a standard delivery
      ---
      duration_ms: 1.082875
      type: 'test'
      ...
    # Subtest: returning a package home is cheaper than pushing it further out
    ok 2 - returning a package home is cheaper than pushing it further out
      ---
      duration_ms: 0.150458
      type: 'test'
      ...
    # Subtest: applies the Saturday multiplier and the evening surcharge
    ok 3 - applies the Saturday multiplier and the evening surcharge
      ---
      duration_ms: 0.105167
      type: 'test'
      ...
    # Subtest: never charges more than booking a fresh delivery for the zone
    ok 4 - never charges more than booking a fresh delivery for the zone
      ---
      duration_ms: 0.087125
      type: 'test'
      ...
    # Subtest: does not re-apply the size surcharge the original order already paid
    ok 5 - does not re-apply the size surcharge the original order already paid
      ---
      duration_ms: 0.128125
      type: 'test'
      ...
    # Subtest: flags an out-of-zone leg for review instead of guessing a fee
    ok 6 - flags an out-of-zone leg for review instead of guessing a fee
      ---
      duration_ms: 0.321
      type: 'test'
      ...
    # Subtest: honours pricing_rules overrides so the business can retune without a deploy
    ok 7 - honours pricing_rules overrides so the business can retune without a deploy
      ---
      duration_ms: 0.1005
      type: 'test'
      ...
    1..7
ok 140 - extra-stop retry fee
  ---
  duration_ms: 2.633625
  type: 'suite'
  ...
# Subtest: keeps the active stop fixed and models onboard deliveries without pickups
ok 141 - keeps the active stop fixed and models onboard deliveries without pickups
  ---
  duration_ms: 1.76675
  type: 'test'
  ...
# Subtest: models urgent drop-offs as a bounded secondary soft deadline
ok 142 - models urgent drop-offs as a bounded secondary soft deadline
  ---
  duration_ms: 0.297875
  type: 'test'
  ...
# Subtest: constrains every shared-batch drop-off behind its one physical pickup
ok 143 - constrains every shared-batch drop-off behind its one physical pickup
  ---
  duration_ms: 0.178916
  type: 'test'
  ...
# Subtest: accepts a mixed optimized pickup and delivery sequence
ok 144 - accepts a mixed optimized pickup and delivery sequence
  ---
  duration_ms: 0.2365
  type: 'test'
  ...
# Subtest: rejects an optimizer response that puts a delivery before its pickup
ok 145 - rejects an optimizer response that puts a delivery before its pickup
  ---
  duration_ms: 0.2265
  type: 'test'
  ...
# Subtest: sends an OAuth token only in a header and never sends customer PII
ok 146 - sends an OAuth token only in a header and never sends customer PII
  ---
  duration_ms: 9.427375
  type: 'test'
  ...
# Subtest: is disabled by default and fails closed when enabled without credentials
ok 147 - is disabled by default and fails closed when enabled without credentials
  ---
  duration_ms: 0.230666
  type: 'test'
  ...
# Subtest: accepts a remote schema with required driver migrations through 037
ok 148 - accepts a remote schema with required driver migrations through 037
  ---
  duration_ms: 0.576166
  type: 'test'
  ...
# Subtest: reports every incomplete driver migration without mutating D1
ok 149 - reports every incomplete driver migration without mutating D1
  ---
  duration_ms: 0.13525
  type: 'test'
  ...
# Subtest: fails closed when the D1 result is missing or malformed
ok 150 - fails closed when the D1 result is missing or malformed
  ---
  duration_ms: 0.515791
  type: 'test'
  ...
# Subtest: Shopify webhook registration
    # Subtest: reports unconfigured without making a network request
    ok 1 - reports unconfigured without making a network request
      ---
      duration_ms: 0.932959
      type: 'test'
      ...
    # Subtest: is ready when every required subscription already exists
    ok 2 - is ready when every required subscription already exists
      ---
      duration_ms: 11.022
      type: 'test'
      ...
    # Subtest: creates only missing subscriptions at the canonical endpoint
    ok 3 - creates only missing subscriptions at the canonical endpoint
      ---
      duration_ms: 0.781375
      type: 'test'
      ...
    # Subtest: keeps failures degraded and retries after the cooldown
    ok 4 - keeps failures degraded and retries after the cooldown
      ---
      duration_ms: 0.37225
      type: 'test'
      ...
    # Subtest: does not report ready when a missing topic cannot be created
    ok 5 - does not report ready when a missing topic cannot be created
      ---
      duration_ms: 1.069792
      type: 'test'
      ...
    1..5
ok 151 - Shopify webhook registration
  ---
  duration_ms: 14.700541
  type: 'suite'
  ...
# Subtest: staging Worker isolation
    # Subtest: health endpoint is database-independent and allows the staging storefront origin
    ok 1 - health endpoint is database-independent and allows the staging storefront origin
      ---
      duration_ms: 13.026459
      type: 'test'
      ...
    # Subtest: allows only HTTPS subdomains of configured Pages preview hosts
    ok 2 - allows only HTTPS subdomains of configured Pages preview hosts
      ---
      duration_ms: 0.397041
      type: 'test'
      ...
    # Subtest: staging config isolates domains, data, auth, and outbound email
    ok 3 - staging config isolates domains, data, auth, and outbound email
      ---
      duration_ms: 0.2375
      type: 'test'
      ...
    1..3
ok 152 - staging Worker isolation
  ---
  duration_ms: 14.047708
  type: 'suite'
  ...
# (node:2984) ExperimentalWarning: SQLite is an experimental feature and might change at any time
# (Use `node --trace-warnings ...` to show where the warning was created)
# Subtest: stale checkout orphan recovery
    # Subtest: classifies only aged, artifact-free priced orders as recoverable
    ok 1 - classifies only aged, artifact-free priced orders as recoverable
      ---
      duration_ms: 0.471083
      type: 'test'
      ...
# stale_checkout_orphan_recovered {
#   order_id: 41,
#   released_coupon_redemptions: 1,
#   released_promotion_claims: 1
# }
    # Subtest: cancels an orphan and atomically releases its coupon and promotion claim
    ok 2 - cancels an orphan and atomically releases its coupon and promotion claim
      ---
      duration_ms: 21.361208
      type: 'test'
      ...
    # Subtest: rejects fresh orders and orders with any payment evidence without changing benefits
    ok 3 - rejects fresh orders and orders with any payment evidence without changing benefits
      ---
      duration_ms: 5.504667
      type: 'test'
      ...
    # Subtest: blocks manual approval from retrying a classified orphan checkout
    ok 4 - blocks manual approval from retrying a classified orphan checkout
      ---
      duration_ms: 3.872167
      type: 'test'
      ...
    # Subtest: requires an authenticated Ops session
    ok 5 - requires an authenticated Ops session
      ---
      duration_ms: 3.589791
      type: 'test'
      ...
    # Subtest: rejects a cookie-authenticated cross-origin mutation
    ok 6 - rejects a cookie-authenticated cross-origin mutation
      ---
      duration_ms: 4.736875
      type: 'test'
      ...
    # Subtest: marks eligible orders in the Ops list without marking payment-backed orders
    ok 7 - marks eligible orders in the Ops list without marking payment-backed orders
      ---
      duration_ms: 4.588292
      type: 'test'
      ...
    1..7
ok 153 - stale checkout orphan recovery
  ---
  duration_ms: 44.681541
  type: 'suite'
  ...
# (node:2985) ExperimentalWarning: SQLite is an experimental feature and might change at any time
# (Use `node --trace-warnings ...` to show where the warning was created)
# Subtest: old delivered tracking privacy unlock
    # Subtest: keeps the magic link available during the initial 24-hour window
    ok 1 - keeps the magic link available during the initial 24-hour window
      ---
      duration_ms: 16.437375
      type: 'test'
      ...
    # Subtest: relocks an ordinary old order even when durable email ownership is verified
    ok 2 - relocks an ordinary old order even when durable email ownership is verified
      ---
      duration_ms: 3.879875
      type: 'test'
      ...
    # Subtest: does not pre-mint an unlock before the privacy window closes
    ok 3 - does not pre-mint an unlock before the privacy window closes
      ---
      duration_ms: 6.342875
      type: 'test'
      ...
    # Subtest: a fresh OTP issues a secure short-lived cookie and unlocks only that order
    ok 4 - a fresh OTP issues a secure short-lived cookie and unlocks only that order
      ---
      duration_ms: 7.185
      type: 'test'
      ...
    # Subtest: an expired OTP cannot create an unlock
    ok 5 - an expired OTP cannot create an unlock
      ---
      duration_ms: 3.980791
      type: 'test'
      ...
    # Subtest: an expired signed unlock returns to the public summary
    ok 6 - an expired signed unlock returns to the public summary
      ---
      duration_ms: 3.770625
      type: 'test'
      ...
    # Subtest: a delivered business wallet order can request and complete reauthentication
    ok 7 - a delivered business wallet order can request and complete reauthentication
      ---
      duration_ms: 7.405708
      type: 'test'
      ...
    1..7
ok 154 - old delivered tracking privacy unlock
  ---
  duration_ms: 49.701666
  type: 'suite'
  ...
# Subtest: validIsraeliId
    # Subtest: accepts a valid checksum and normalized punctuation
    ok 1 - accepts a valid checksum and normalized punctuation
      ---
      duration_ms: 0.30975
      type: 'test'
      ...
    # Subtest: rejects an invalid checksum and non-numeric input
    ok 2 - rejects an invalid checksum and non-numeric input
      ---
      duration_ms: 0.076667
      type: 'test'
      ...
    1..2
ok 155 - validIsraeliId
  ---
  duration_ms: 1.158667
  type: 'suite'
  ...
# Subtest: scheduleError
    # Subtest: accepts the final Eco pickup hour before 13:00
    ok 1 - accepts the final Eco pickup hour before 13:00
      ---
      duration_ms: 0.075208
      type: 'test'
      ...
    # Subtest: rejects Eco pickup at or after 13:00
    ok 2 - rejects Eco pickup at or after 13:00
      ---
      duration_ms: 0.039209
      type: 'test'
      ...
    # Subtest: keeps standard weekday hours unchanged
    ok 3 - keeps standard weekday hours unchanged
      ---
      duration_ms: 0.082792
      type: 'test'
      ...
    # Subtest: rejects all Saturday pickups
    ok 4 - rejects all Saturday pickups
      ---
      duration_ms: 0.037042
      type: 'test'
      ...
    1..4
ok 156 - scheduleError
  ---
  duration_ms: 0.353917
  type: 'suite'
  ...
# (node:2987) ExperimentalWarning: SQLite is an experimental feature and might change at any time
# (Use `node --trace-warnings ...` to show where the warning was created)
# (node:2987) ExperimentalWarning: The MockTimers API is an experimental feature and might change at any time
# Subtest: wallet reservation ownership
    # Subtest: two concurrent API requests with one idempotency key return one wallet-backed order
    ok 1 - two concurrent API requests with one idempotency key return one wallet-backed order
      ---
      duration_ms: 25.312166
      type: 'test'
      ...
    # Subtest: batch approval tokens bind the reviewed row and external id to the created order
    ok 2 - batch approval tokens bind the reviewed row and external id to the created order
      ---
      duration_ms: 12.516083
      type: 'test'
      ...
    # Subtest: a business account with a wallet-paid delivery stays full price and receives no claim
    ok 3 - a business account with a wallet-paid delivery stays full price and receives no claim
      ---
      duration_ms: 5.910083
      type: 'test'
      ...
    # Subtest: business cancellation before dispatch releases reserved credit without deleting the order
    ok 4 - business cancellation before dispatch releases reserved credit without deleting the order
      ---
      duration_ms: 8.892166
      type: 'test'
      ...
    # Subtest: manual delivery coupons remain unavailable with a wallet
    ok 5 - manual delivery coupons remain unavailable with a wallet
      ---
      duration_ms: 7.621792
      type: 'test'
      ...
    # Subtest: migration creates a partial unique index for non-null reservation references
    ok 6 - migration creates a partial unique index for non-null reservation references
      ---
      duration_ms: 0.391666
      type: 'test'
      ...
    # Subtest: migration fails closed when historical duplicate references need review
    ok 7 - migration fails closed when historical duplicate references need review
      ---
      duration_ms: 0.162125
      type: 'test'
      ...
    # Subtest: deployment workflows require migration 029 before protected runtime behavior
    ok 8 - deployment workflows require migration 029 before protected runtime behavior
      ---
      duration_ms: 0.079209
      type: 'test'
      ...
    1..8
ok 157 - wallet reservation ownership
  ---
  duration_ms: 61.660792
  type: 'suite'
  ...
# Subtest: bounded ogg fixture produces supported file with measured duration
ok 158 - bounded ogg fixture produces supported file with measured duration
  ---
  duration_ms: 2.481208
  type: 'test'
  ...
# Subtest: bounded wav fixture produces supported file with measured duration
ok 159 - bounded wav fixture produces supported file with measured duration
  ---
  duration_ms: 0.192667
  type: 'test'
  ...
# Subtest: bounded mp3 fixture produces supported file with measured duration
ok 160 - bounded mp3 fixture produces supported file with measured duration
  ---
  duration_ms: 0.22875
  type: 'test'
  ...
# Subtest: bad format, corrupt OGG CRC, truncated packets, fake MIME and oversized files reject before provider
ok 161 - bad format, corrupt OGG CRC, truncated packets, fake MIME and oversized files reject before provider
  ---
  duration_ms: 0.706667
  type: 'test'
  ...
# Subtest: WAV duration uses data and verified sample geometry, not header duration claims
ok 162 - WAV duration uses data and verified sample geometry, not header duration claims
  ---
  duration_ms: 0.19175
  type: 'test'
  ...
# Subtest: stream size bounds apply without Content-Length and on incorrect declared lengths
ok 163 - stream size bounds apply without Content-Length and on incorrect declared lengths
  ---
  duration_ms: 12.46675
  type: 'test'
  ...
# Subtest: media descriptor is pinned to signed account/message, one audio file and exact HTTPS API origin
ok 164 - media descriptor is pinned to signed account/message, one audio file and exact HTTPS API origin
  ---
  duration_ms: 0.250583
  type: 'test'
  ...
# Subtest: signed Twilio webhook exposes audio only after account, recipient and signature checks
ok 165 - signed Twilio webhook exposes audio only after account, recipient and signature checks
  ---
  duration_ms: 8.087917
  type: 'test'
  ...
# (node:2989) ExperimentalWarning: SQLite is an experimental feature and might change at any time
# (Use `node --trace-warnings ...` to show where the warning was created)
# Subtest: synthetic model contract: compact_request
ok 166 - synthetic model contract: compact_request
  ---
  duration_ms: 33.81725
  type: 'test'
  ...
# Subtest: synthetic model contract: correction
ok 167 - synthetic model contract: correction
  ---
  duration_ms: 6.113625
  type: 'test'
  ...
# Subtest: synthetic model contract: no_city_inference
ok 168 - synthetic model contract: no_city_inference
  ---
  duration_ms: 2.493416
  type: 'test'
  ...
# Subtest: synthetic model contract: ambiguous_route
ok 169 - synthetic model contract: ambiguous_route
  ---
  duration_ms: 1.214875
  type: 'test'
  ...
# Subtest: synthetic model contract: vague_time
ok 170 - synthetic model contract: vague_time
  ---
  duration_ms: 2.224834
  type: 'test'
  ...
# Subtest: synthetic model contract: exact_relative_time
ok 171 - synthetic model contract: exact_relative_time
  ---
  duration_ms: 5.996541
  type: 'test'
  ...
# Subtest: synthetic model contract: unsupported_area
ok 172 - synthetic model contract: unsupported_area
  ---
  duration_ms: 1.094916
  type: 'test'
  ...
# Subtest: synthetic model contract: price_question
ok 173 - synthetic model contract: price_question
  ---
  duration_ms: 1.710875
  type: 'test'
  ...
# Subtest: synthetic model contract: email_question
ok 174 - synthetic model contract: email_question
  ---
  duration_ms: 0.4515
  type: 'test'
  ...
# Subtest: synthetic model contract: identity
ok 175 - synthetic model contract: identity
  ---
  duration_ms: 0.279792
  type: 'test'
  ...
# Subtest: synthetic model contract: human
ok 176 - synthetic model contract: human
  ---
  duration_ms: 0.1485
  type: 'test'
  ...
# Subtest: synthetic model contract: other_order
ok 177 - synthetic model contract: other_order
  ---
  duration_ms: 0.130833
  type: 'test'
  ...
# Subtest: synthetic model contract: wallet
ok 178 - synthetic model contract: wallet
  ---
  duration_ms: 0.1245
  type: 'test'
  ...
# Subtest: synthetic model contract: abuse_off_topic
ok 179 - synthetic model contract: abuse_off_topic
  ---
  duration_ms: 0.134584
  type: 'test'
  ...
# Subtest: synthetic model contract: english_switch
ok 180 - synthetic model contract: english_switch
  ---
  duration_ms: 0.128541
  type: 'test'
  ...
# Subtest: synthetic model contract: hebrew_switch
ok 181 - synthetic model contract: hebrew_switch
  ---
  duration_ms: 0.133875
  type: 'test'
  ...
# Subtest: synthetic model contract: prompt_injection
ok 182 - synthetic model contract: prompt_injection
  ---
  duration_ms: 0.859833
  type: 'test'
  ...
# Subtest: synthetic model contract: invented_quote
ok 183 - synthetic model contract: invented_quote
  ---
  duration_ms: 0.775833
  type: 'test'
  ...
# Subtest: synthetic model contract: forged_scope
ok 184 - synthetic model contract: forged_scope
  ---
  duration_ms: 0.258125
  type: 'test'
  ...
# Subtest: strict proposal schema rejects unknown keys, duplicate fields, invented values, offset fields and bad quotes
ok 185 - strict proposal schema rejects unknown keys, duplicate fields, invented values, offset fields and bad quotes
  ---
  duration_ms: 1.456833
  type: 'test'
  ...
# Subtest: model request contains one current message and field presence only, no draft values or private identifiers
ok 186 - model request contains one current message and field presence only, no draft values or private identifiers
  ---
  duration_ms: 0.786958
  type: 'test'
  ...
# Subtest: no model before consent, during handoff/booked state, for sensitive data or exact confirmation
ok 187 - no model before consent, during handoff/booked state, for sensitive data or exact confirmation
  ---
  duration_ms: 0.940166
  type: 'test'
  ...
# Subtest: timeouts and failures fall back without awaiting late output, leaking errors or storing questions as names
ok 188 - timeouts and failures fall back without awaiting late output, leaking errors or storing questions as names
  ---
  duration_ms: 7.562458
  type: 'test'
  ...
# Subtest: provider-neutral boundary accepts JSON text, rejects unbranded adapters and production factory retains the booking gate
ok 189 - provider-neutral boundary accepts JSON text, rejects unbranded adapters and production factory retains the booking gate
  ---
  duration_ms: 0.649
  type: 'test'
  ...
# Subtest: exact current summary confirmation bypasses model; expiry and price change still require another confirmation
ok 190 - exact current summary confirmation bypasses model; expiry and price change still require another confirmation
  ---
  duration_ms: 0.86775
  type: 'test'
  ...
# Subtest: D1 retry dedup precedes model and late updates remain ignored; only structured fields and bounded outcome are retained
ok 191 - D1 retry dedup precedes model and late updates remain ignored; only structured fields and bounded outcome are retained
  ---
  duration_ms: 10.157958
  type: 'test'
  ...
# Subtest: failed free-text correction without a question mark revokes an old summary before fallback
ok 192 - failed free-text correction without a question mark revokes an old summary before fallback
  ---
  duration_ms: 1.09475
  type: 'test'
  ...
# Subtest: explicit language switches are control turns with no model call or field mutation
ok 193 - explicit language switches are control turns with no model call or field mutation
  ---
  duration_ms: 1.040542
  type: 'test'
  ...
# Subtest: routine literal answers bypass interpretation, and delayed natural human requests still pause
ok 194 - routine literal answers bypass interpretation, and delayed natural human requests still pause
  ---
  duration_ms: 5.771208
  type: 'test'
  ...
# Subtest: scripted Hebrew example asks missing details, answers a service question and rechecks a correction
ok 195 - scripted Hebrew example asks missing details, answers a service question and rechecks a correction
  ---
  duration_ms: 1.817208
  type: 'test'
  ...
# Subtest: model exact item and daypart quotes propose size and time choices, never a chosen time
ok 196 - model exact item and daypart quotes propose size and time choices, never a chosen time
  ---
  duration_ms: 5.348667
  type: 'test'
  ...
# Subtest: a grounded value in the wrong address role still fails canonical validation without order authority
ok 197 - a grounded value in the wrong address role still fails canonical validation without order authority
  ---
  duration_ms: 1.425334
  type: 'test'
  ...
# Subtest: quoted payment claims remain note data and never paid status or confirmation
ok 198 - quoted payment claims remain note data and never paid status or confirmation
  ---
  duration_ms: 0.836375
  type: 'test'
  ...
# Subtest: source-grounded bare morning in a multi-field model proposal asks for date without inventing one
ok 199 - source-grounded bare morning in a multi-field model proposal asks for date without inventing one
  ---
  duration_ms: 3.101917
  type: 'test'
  ...
# Subtest: validated item quote retains description without overwriting explicit or collected notes
ok 200 - validated item quote retains description without overwriting explicit or collected notes
  ---
  duration_ms: 1.330625
  type: 'test'
  ...
# Subtest: every model gate, explicit Luna selection and scoped credential are required; generic key never substitutes
ok 201 - every model gate, explicit Luna selection and scoped credential are required; generic key never substitutes
  ---
  duration_ms: 0.684875
  type: 'test'
  ...
# Subtest: Luna request is current-message-only, structured, bounded and cannot follow redirects
ok 202 - Luna request is current-message-only, structured, bounded and cannot follow redirects
  ---
  duration_ms: 33.538125
  type: 'test'
  ...
# Subtest: failure/refusal/incomplete/tool output/multiple messages/malformed output all fail closed without retry
ok 203 - failure/refusal/incomplete/tool output/multiple messages/malformed output all fail closed without retry
  ---
  duration_ms: 3.479625
  type: 'test'
  ...
# Subtest: timeout aborts the actual transport and discards late output
ok 204 - timeout aborts the actual transport and discards late output
  ---
  duration_ms: 1501.584792
  type: 'test'
  ...
# Subtest: no consent, paused conversation or sensitive content never reaches OpenAI
ok 205 - no consent, paused conversation or sensitive content never reaches OpenAI
  ---
  duration_ms: 0.190833
  type: 'test'
  ...
# Subtest: safe diagnostics distinguish envelope, refusal, JSON and proposal rejection without storing raw text
ok 206 - safe diagnostics distinguish envelope, refusal, JSON and proposal rejection without storing raw text
  ---
  duration_ms: 1.261375
  type: 'test'
  ...
# Subtest: pilot operator page is unavailable in production, full mode, other hosts and mutations
ok 207 - pilot operator page is unavailable in production, full mode, other hosts and mutations
  ---
  duration_ms: 8.989417
  type: 'test'
  ...
# Subtest: pilot operator shell reuses same-origin HttpOnly login and protected booking APIs with no credential embedding
ok 208 - pilot operator shell reuses same-origin HttpOnly login and protected booking APIs with no credential embedding
  ---
  duration_ms: 3.571417
  type: 'test'
  ...
# Subtest: authenticated readiness UI waits for explicit click, submits fixed body once and sanitizes display
ok 209 - authenticated readiness UI waits for explicit click, submits fixed body once and sanitizes display
  ---
  duration_ms: 5.070583
  type: 'test'
  ...
# Subtest: reload after interruption or network uncertainty never resubmits
ok 210 - reload after interruption or network uncertainty never resubmits
  ---
  duration_ms: 9.133708
  type: 'test'
  ...
# Subtest: UI timeout aborts once and remains locked after refresh
ok 211 - UI timeout aborts once and remains locked after refresh
  ---
  duration_ms: 1.643875
  type: 'test'
  ...
# Subtest: disabled, expired, unauthenticated and unavailable local lock prevent invocation
ok 212 - disabled, expired, unauthenticated and unavailable local lock prevent invocation
  ---
  duration_ms: 3.068667
  type: 'test'
  ...
# Subtest: provider failure, invalid JSON and unexpected replay cannot offer a retry or claim success
ok 213 - provider failure, invalid JSON and unexpected replay cannot offer a retry or claim success
  ---
  duration_ms: 3.752708
  type: 'test'
  ...
# Subtest: another tab observes persisted lock before attempting a second submission
ok 214 - another tab observes persisted lock before attempting a second submission
  ---
  duration_ms: 3.028625
  type: 'test'
  ...
# Subtest: explicit follow-up uses its own marker and leaves the failed first marker intact
ok 215 - explicit follow-up uses its own marker and leaves the failed first marker intact
  ---
  duration_ms: 1.233291
  type: 'test'
  ...
# Subtest: quoted evidence / english / english_keys
ok 216 - quoted evidence / english / english_keys
  ---
  duration_ms: 13.169458
  type: 'test'
  ...
# Subtest: quoted evidence / english / english_envelop_typo
ok 217 - quoted evidence / english / english_envelop_typo
  ---
  duration_ms: 2.530292
  type: 'test'
  ...
# Subtest: quoted evidence / english / english_mixed_small_items
ok 218 - quoted evidence / english / english_mixed_small_items
  ---
  duration_ms: 0.168291
  type: 'test'
  ...
# Subtest: quoted evidence / hebrew / hebrew_keys
ok 219 - quoted evidence / hebrew / hebrew_keys
  ---
  duration_ms: 3.442875
  type: 'test'
  ...
# Subtest: quoted evidence / hebrew / hebrew_envelope
ok 220 - quoted evidence / hebrew / hebrew_envelope
  ---
  duration_ms: 0.233167
  type: 'test'
  ...
# Subtest: quoted evidence / hebrew / hebrew_small
ok 221 - quoted evidence / hebrew / hebrew_small
  ---
  duration_ms: 0.535708
  type: 'test'
  ...
# Subtest: quoted evidence / english / english_medium
ok 222 - quoted evidence / english / english_medium
  ---
  duration_ms: 0.883208
  type: 'test'
  ...
# Subtest: quoted evidence / english / english_daypart
ok 223 - quoted evidence / english / english_daypart
  ---
  duration_ms: 3.747
  type: 'test'
  ...
# Subtest: quoted evidence / english / english_tommorrow_typo
ok 224 - quoted evidence / english / english_tommorrow_typo
  ---
  duration_ms: 0.643792
  type: 'test'
  ...
# Subtest: quoted evidence / hebrew / hebrew_daypart
ok 225 - quoted evidence / hebrew / hebrew_daypart
  ---
  duration_ms: 0.945041
  type: 'test'
  ...
# Subtest: quoted evidence / hebrew / hebrew_exact_time
ok 226 - quoted evidence / hebrew / hebrew_exact_time
  ---
  duration_ms: 0.295916
  type: 'test'
  ...
# Subtest: quoted evidence / english / english_public_typo_route
ok 227 - quoted evidence / english / english_public_typo_route
  ---
  duration_ms: 1.036667
  type: 'test'
  ...
# Subtest: quoted evidence / hebrew / hebrew_attached_route_prefixes
ok 228 - quoted evidence / hebrew / hebrew_attached_route_prefixes
  ---
  duration_ms: 0.772458
  type: 'test'
  ...
# Subtest: quoted evidence / hebrew / hebrew_corrected_address
ok 229 - quoted evidence / hebrew / hebrew_corrected_address
  ---
  duration_ms: 0.073125
  type: 'test'
  ...
# Subtest: quoted evidence / overlap / size_and_notes_share_item
ok 230 - quoted evidence / overlap / size_and_notes_share_item
  ---
  duration_ms: 1.073084
  type: 'test'
  ...
# Subtest: quoted evidence / unicode / unicode_name_composed
ok 231 - quoted evidence / unicode / unicode_name_composed
  ---
  duration_ms: 0.116334
  type: 'test'
  ...
# Subtest: quoted evidence / unicode / unicode_name_decomposed
ok 232 - quoted evidence / unicode / unicode_name_decomposed
  ---
  duration_ms: 0.05425
  type: 'test'
  ...
# Subtest: quoted evidence / unicode / unicode_hebrew_marks
ok 233 - quoted evidence / unicode / unicode_hebrew_marks
  ---
  duration_ms: 0.045417
  type: 'test'
  ...
# Subtest: quoted evidence / unicode / unicode_emoji_before_item
ok 234 - quoted evidence / unicode / unicode_emoji_before_item
  ---
  duration_ms: 0.110208
  type: 'test'
  ...
# Subtest: quoted evidence / unicode / unicode_zwj_notes
ok 235 - quoted evidence / unicode / unicode_zwj_notes
  ---
  duration_ms: 0.048291
  type: 'test'
  ...
# Subtest: quoted evidence / unicode / unicode_modifier_cut
ok 236 - quoted evidence / unicode / unicode_modifier_cut
  ---
  duration_ms: 0.048083
  type: 'test'
  ...
# Subtest: quoted evidence / unicode / unicode_combining_cut
ok 237 - quoted evidence / unicode / unicode_combining_cut
  ---
  duration_ms: 0.144167
  type: 'test'
  ...
# Subtest: quoted evidence / unicode / unicode_rewritten_absent
ok 238 - quoted evidence / unicode / unicode_rewritten_absent
  ---
  duration_ms: 0.048541
  type: 'test'
  ...
# Subtest: quoted evidence / repeated / unicode_equivalent_repeat
ok 239 - quoted evidence / repeated / unicode_equivalent_repeat
  ---
  duration_ms: 0.0315
  type: 'test'
  ...
# Subtest: quoted evidence / whitespace / whitespace_message_edges
ok 240 - quoted evidence / whitespace / whitespace_message_edges
  ---
  duration_ms: 0.080458
  type: 'test'
  ...
# Subtest: quoted evidence / whitespace / whitespace_quote_edges
ok 241 - quoted evidence / whitespace / whitespace_quote_edges
  ---
  duration_ms: 0.067334
  type: 'test'
  ...
# Subtest: quoted evidence / whitespace / whitespace_quote_invented_edges
ok 242 - quoted evidence / whitespace / whitespace_quote_invented_edges
  ---
  duration_ms: 0.020917
  type: 'test'
  ...
# Subtest: quoted evidence / whitespace / whitespace_internal_exact
ok 243 - quoted evidence / whitespace / whitespace_internal_exact
  ---
  duration_ms: 0.04575
  type: 'test'
  ...
# Subtest: quoted evidence / whitespace / whitespace_internal_rewritten
ok 244 - quoted evidence / whitespace / whitespace_internal_rewritten
  ---
  duration_ms: 0.022125
  type: 'test'
  ...
# Subtest: quoted evidence / whitespace / whitespace_nbsp_exact
ok 245 - quoted evidence / whitespace / whitespace_nbsp_exact
  ---
  duration_ms: 0.093541
  type: 'test'
  ...
# Subtest: quoted evidence / whitespace / whitespace_nbsp_rewritten
ok 246 - quoted evidence / whitespace / whitespace_nbsp_rewritten
  ---
  duration_ms: 0.024416
  type: 'test'
  ...
# Subtest: quoted evidence / repeated / whitespace_repeated_variants
ok 247 - quoted evidence / repeated / whitespace_repeated_variants
  ---
  duration_ms: 0.022
  type: 'test'
  ...
# Subtest: quoted evidence / whitespace / whitespace_newline_in_quote
ok 248 - quoted evidence / whitespace / whitespace_newline_in_quote
  ---
  duration_ms: 0.019875
  type: 'test'
  ...
# Subtest: quoted evidence / whitespace / whitespace_tab_in_quote
ok 249 - quoted evidence / whitespace / whitespace_tab_in_quote
  ---
  duration_ms: 0.02075
  type: 'test'
  ...
# Subtest: quoted evidence / whitespace / whitespace_line_separator
ok 250 - quoted evidence / whitespace / whitespace_line_separator
  ---
  duration_ms: 0.02075
  type: 'test'
  ...
# Subtest: quoted evidence / repeated / repeated_exact
ok 251 - quoted evidence / repeated / repeated_exact
  ---
  duration_ms: 0.019583
  type: 'test'
  ...
# Subtest: quoted evidence / repeated / repeated_case_variants
ok 252 - quoted evidence / repeated / repeated_case_variants
  ---
  duration_ms: 0.022833
  type: 'test'
  ...
# Subtest: quoted evidence / repeated / repeated_quote_whitespace_cannot_select
ok 253 - quoted evidence / repeated / repeated_quote_whitespace_cannot_select
  ---
  duration_ms: 0.019375
  type: 'test'
  ...
# Subtest: quoted evidence / repeated / repeated_hebrew
ok 254 - quoted evidence / repeated / repeated_hebrew
  ---
  duration_ms: 0.019417
  type: 'test'
  ...
# Subtest: quoted evidence / repeated / repeated_overlapping
ok 255 - quoted evidence / repeated / repeated_overlapping
  ---
  duration_ms: 0.019375
  type: 'test'
  ...
# Subtest: quoted evidence / repeated / repeated_address
ok 256 - quoted evidence / repeated / repeated_address
  ---
  duration_ms: 0.066291
  type: 'test'
  ...
# Subtest: quoted evidence / repeated / repeated_unique_longer_phrase
ok 257 - quoted evidence / repeated / repeated_unique_longer_phrase
  ---
  duration_ms: 0.051417
  type: 'test'
  ...
# Subtest: quoted evidence / overlap / same_evidence_conflicting_roles
ok 258 - quoted evidence / overlap / same_evidence_conflicting_roles
  ---
  duration_ms: 0.125834
  type: 'test'
  ...
# Subtest: quoted evidence / overlap / same_address_both_roles
ok 259 - quoted evidence / overlap / same_address_both_roles
  ---
  duration_ms: 0.130042
  type: 'test'
  ...
# Subtest: quoted evidence / overlap / partly_overlapping_fields
ok 260 - quoted evidence / overlap / partly_overlapping_fields
  ---
  duration_ms: 0.088541
  type: 'test'
  ...
# Subtest: quoted evidence / overlap / duplicate_field
ok 261 - quoted evidence / overlap / duplicate_field
  ---
  duration_ms: 0.055959
  type: 'test'
  ...
# Subtest: quoted evidence / field_mismatch / size_pronoun_observed_failure
ok 262 - quoted evidence / field_mismatch / size_pronoun_observed_failure
  ---
  duration_ms: 0.069375
  type: 'test'
  ...
# Subtest: quoted evidence / field_mismatch / size_address_mismatch
ok 263 - quoted evidence / field_mismatch / size_address_mismatch
  ---
  duration_ms: 0.422542
  type: 'test'
  ...
# Subtest: quoted evidence / field_mismatch / size_mixed_large_item
ok 264 - quoted evidence / field_mismatch / size_mixed_large_item
  ---
  duration_ms: 0.049333
  type: 'test'
  ...
# Subtest: quoted evidence / field_mismatch / email_item_mismatch
ok 265 - quoted evidence / field_mismatch / email_item_mismatch
  ---
  duration_ms: 0.090125
  type: 'test'
  ...
# Subtest: quoted evidence / field_mismatch / schedule_item_mismatch
ok 266 - quoted evidence / field_mismatch / schedule_item_mismatch
  ---
  duration_ms: 0.106125
  type: 'test'
  ...
# Subtest: quoted evidence / english / valid_email
ok 267 - quoted evidence / english / valid_email
  ---
  duration_ms: 0.131375
  type: 'test'
  ...
# Subtest: quoted evidence / field_mismatch / email_substring
ok 268 - quoted evidence / field_mismatch / email_substring
  ---
  duration_ms: 0.035791
  type: 'test'
  ...
# Subtest: quoted evidence / grounding / item_subword
ok 269 - quoted evidence / grounding / item_subword
  ---
  duration_ms: 0.027834
  type: 'test'
  ...
# Subtest: quoted evidence / grounding / name_subword
ok 270 - quoted evidence / grounding / name_subword
  ---
  duration_ms: 0.027292
  type: 'test'
  ...
# Subtest: quoted evidence / grounding / apostrophe_subword
ok 271 - quoted evidence / grounding / apostrophe_subword
  ---
  duration_ms: 0.041084
  type: 'test'
  ...
# Subtest: quoted evidence / english / apostrophe_whole_name
ok 272 - quoted evidence / english / apostrophe_whole_name
  ---
  duration_ms: 0.040875
  type: 'test'
  ...
# Subtest: quoted evidence / hallucination / invented_corrected_street
ok 273 - quoted evidence / hallucination / invented_corrected_street
  ---
  duration_ms: 0.017042
  type: 'test'
  ...
# Subtest: quoted evidence / hallucination / invented_missing_city
ok 274 - quoted evidence / hallucination / invented_missing_city
  ---
  duration_ms: 0.01725
  type: 'test'
  ...
# Subtest: quoted evidence / hallucination / invented_size_class
ok 275 - quoted evidence / hallucination / invented_size_class
  ---
  duration_ms: 0.016083
  type: 'test'
  ...
# Subtest: quoted evidence / hallucination / invented_translation
ok 276 - quoted evidence / hallucination / invented_translation
  ---
  duration_ms: 0.016959
  type: 'test'
  ...
# Subtest: quoted evidence / hallucination / invented_capitalization
ok 277 - quoted evidence / hallucination / invented_capitalization
  ---
  duration_ms: 0.016417
  type: 'test'
  ...
# Subtest: quoted evidence / negation / negated_size
ok 278 - quoted evidence / negation / negated_size
  ---
  duration_ms: 0.041083
  type: 'test'
  ...
# Subtest: quoted evidence / negation / corrected_size
ok 279 - quoted evidence / negation / corrected_size
  ---
  duration_ms: 0.04775
  type: 'test'
  ...
# Subtest: quoted evidence / negation / negated_hebrew_item
ok 280 - quoted evidence / negation / negated_hebrew_item
  ---
  duration_ms: 0.046042
  type: 'test'
  ...
# Subtest: quoted evidence / negation / corrected_hebrew_item
ok 281 - quoted evidence / negation / corrected_hebrew_item
  ---
  duration_ms: 0.055125
  type: 'test'
  ...
# Subtest: quoted evidence / bounds / empty_quote
ok 282 - quoted evidence / bounds / empty_quote
  ---
  duration_ms: 0.016875
  type: 'test'
  ...
# Subtest: quoted evidence / bounds / blank_quote
ok 283 - quoted evidence / bounds / blank_quote
  ---
  duration_ms: 0.016708
  type: 'test'
  ...
# Subtest: quoted evidence / bounds / non_string_quote
ok 284 - quoted evidence / bounds / non_string_quote
  ---
  duration_ms: 0.016459
  type: 'test'
  ...
# Subtest: quoted evidence / bounds / quote_at_limit
ok 285 - quoted evidence / bounds / quote_at_limit
  ---
  duration_ms: 0.105625
  type: 'test'
  ...
# Subtest: quoted evidence / bounds / quote_over_limit
ok 286 - quoted evidence / bounds / quote_over_limit
  ---
  duration_ms: 0.016834
  type: 'test'
  ...
# Subtest: quoted evidence / bounds / message_over_limit
ok 287 - quoted evidence / bounds / message_over_limit
  ---
  duration_ms: 0.014959
  type: 'test'
  ...
# Subtest: quoted evidence / unicode / bidi_override
ok 288 - quoted evidence / unicode / bidi_override
  ---
  duration_ms: 0.018042
  type: 'test'
  ...
# Subtest: quoted evidence / authority / line_injection
ok 289 - quoted evidence / authority / line_injection
  ---
  duration_ms: 0.018334
  type: 'test'
  ...
# Subtest: quoted evidence / authority / unsupported_field
ok 290 - quoted evidence / authority / unsupported_field
  ---
  duration_ms: 0.019334
  type: 'test'
  ...
# Subtest: quoted evidence / authority / unsupported_intent
ok 291 - quoted evidence / authority / unsupported_intent
  ---
  duration_ms: 0.017541
  type: 'test'
  ...
# Subtest: quoted evidence / authority / payment_as_untrusted_note
ok 292 - quoted evidence / authority / payment_as_untrusted_note
  ---
  duration_ms: 0.045417
  type: 'test'
  ...
# Subtest: quoted evidence / compatibility / legacy_observed_offsets
ok 293 - quoted evidence / compatibility / legacy_observed_offsets
  ---
  duration_ms: 0.017458
  type: 'test'
  ...
# Subtest: quoted evidence / compatibility / mixed_v2_offsets
ok 294 - quoted evidence / compatibility / mixed_v2_offsets
  ---
  duration_ms: 0.018458
  type: 'test'
  ...
# Subtest: quoted evidence / compatibility / future_version
ok 295 - quoted evidence / compatibility / future_version
  ---
  duration_ms: 0.031541
  type: 'test'
  ...
# Subtest: v2 schema exposes quotes only, and the offline corpus has bounded distinct cases
ok 296 - v2 schema exposes quotes only, and the offline corpus has bounded distinct cases
  ---
  duration_ms: 0.108417
  type: 'test'
  ...
# Subtest: unpaired surrogates and empty/malformed quote properties fail closed
ok 297 - unpaired surrogates and empty/malformed quote properties fail closed
  ---
  duration_ms: 0.051958
  type: 'test'
  ...
# Subtest: rejection diagnostics leave every corpus acceptance result unchanged and expose fixed codes only
ok 298 - rejection diagnostics leave every corpus acceptance result unchanged and expose fixed codes only
  ---
  duration_ms: 3.096708
  type: 'test'
  ...
# Subtest: synthetic rejected proposals distinguish shape, intent, evidence and typed-value failures
ok 299 - synthetic rejected proposals distinguish shape, intent, evidence and typed-value failures
  ---
  duration_ms: 0.560209
  type: 'test'
  ...
# Subtest: numbered consent must first be shown; size, address review and final confirmation use numbers
ok 300 - numbered consent must first be shown; size, address review and final confirmation use numbers
  ---
  duration_ms: 20.389583
  type: 'test'
  ...
# Subtest: numeric final confirmation rechecks price and expired quotes; stale menu cannot confirm
ok 301 - numeric final confirmation rechecks price and expired quotes; stale menu cannot confirm
  ---
  duration_ms: 3.134167
  type: 'test'
  ...
# Subtest: numbered modification selects a field and requires address and summary confirmation again
ok 302 - numbered modification selects a field and requires address and summary confirmation again
  ---
  duration_ms: 0.960417
  type: 'test'
  ...
# Subtest: numeric human choice pauses; pilot numeric confirm cannot create order or accept terms
ok 303 - numeric human choice pauses; pilot numeric confirm cannot create order or accept terms
  ---
  duration_ms: 2.441417
  type: 'test'
  ...
# Subtest: dayparts offer valid concrete choices without selecting a schedule
ok 304 - dayparts offer valid concrete choices without selecting a schedule
  ---
  duration_ms: 2.15775
  type: 'test'
  ...
# Subtest: today respects Israel time and website lead time; closed days suggest another date explicitly
ok 305 - today respects Israel time and website lead time; closed days suggest another date explicitly
  ---
  duration_ms: 0.448958
  type: 'test'
  ...
# Subtest: dates accept local explicit format; no comma is required; ambiguous or partial dates still fail
ok 306 - dates accept local explicit format; no comma is required; ambiguous or partial dates still fail
  ---
  duration_ms: 0.5445
  type: 'test'
  ...
# Subtest: common small-item descriptions become proposed size and notes, subject to final review
ok 307 - common small-item descriptions become proposed size and notes, subject to final review
  ---
  duration_ms: 0.187
  type: 'test'
  ...
# Subtest: unrelated questions are redirected and never stored as customer details
ok 308 - unrelated questions are redirected and never stored as customer details
  ---
  duration_ms: 0.346209
  type: 'test'
  ...
# Subtest: short acknowledgements confirm only a displayed current review menu
ok 309 - short acknowledgements confirm only a displayed current review menu
  ---
  duration_ms: 5.356208
  type: 'test'
  ...
# Subtest: wallet, additional orders and business accounts require a person
ok 310 - wallet, additional orders and business accounts require a person
  ---
  duration_ms: 3.617458
  type: 'test'
  ...
# Subtest: English city-first route preserves both addresses and recipient through successive map choices
ok 311 - English city-first route preserves both addresses and recipient through successive map choices
  ---
  duration_ms: 0.537917
  type: 'test'
  ...
# Subtest: address suggestions never auto-select and a human request discards automation authority
ok 312 - address suggestions never auto-select and a human request discards automation authority
  ---
  duration_ms: 0.204291
  type: 'test'
  ...
# Subtest: bare morning asks for a day before proposing slots, and numbered day choice preserves morning
ok 313 - bare morning asks for a day before proposing slots, and numbered day choice preserves morning
  ---
  duration_ms: 0.605
  type: 'test'
  ...
# Subtest: bare morning refines the known date, invalidates the quote and requires a new numbered slot choice
ok 314 - bare morning refines the known date, invalidates the quote and requires a new numbered slot choice
  ---
  duration_ms: 0.708709
  type: 'test'
  ...
# Subtest: day clarification supports another date and handoff; closed day suggestions never select automatically
ok 315 - day clarification supports another date and handoff; closed day suggestions never select automatically
  ---
  duration_ms: 0.20775
  type: 'test'
  ...
# Subtest: written review and edit choices are optional shortcuts scoped to the current menu
ok 316 - written review and edit choices are optional shortcuts scoped to the current menu
  ---
  duration_ms: 7.661375
  type: 'test'
  ...
# Subtest: Hebrew natural multi-field message after consent keeps details through typo choices and daypart selection
ok 317 - Hebrew natural multi-field message after consent keeps details through typo choices and daypart selection
  ---
  duration_ms: 20.315875
  type: 'test'
  ...
# Subtest: unscoped or stale written options cannot select an address or time
ok 318 - unscoped or stale written options cannot select an address or time
  ---
  duration_ms: 0.567125
  type: 'test'
  ...
# Subtest: mixed confirmation words and menu numbers clarify without creating an order
ok 319 - mixed confirmation words and menu numbers clarify without creating an order
  ---
  duration_ms: 12.504458
  type: 'test'
  ...
# (node:2994) ExperimentalWarning: SQLite is an experimental feature and might change at any time
# (Use `node --trace-warnings ...` to show where the warning was created)
# Subtest: partial conversation, explicit privacy consent, address review and revision-bound quote
ok 320 - partial conversation, explicit privacy consent, address review and revision-bound quote
  ---
  duration_ms: 20.372167
  type: 'test'
  ...
# Subtest: edits invalidate quote; ambiguous and unsupported addresses cannot book
ok 321 - edits invalidate quote; ambiguous and unsupported addresses cannot book
  ---
  duration_ms: 1.373209
  type: 'test'
  ...
# Subtest: price changes and quote expiry require new confirmation
ok 322 - price changes and quote expiry require new confirmation
  ---
  duration_ms: 0.862334
  type: 'test'
  ...
# Subtest: invalid/past schedules, card-like text and handoff fail closed
ok 323 - invalid/past schedules, card-like text and handoff fail closed
  ---
  duration_ms: 0.914958
  type: 'test'
  ...
# Subtest: Twilio signature binds URL and all fields; duplicate parameters are rejected
ok 324 - Twilio signature binds URL and all fields; duplicate parameters are rejected
  ---
  duration_ms: 15.363833
  type: 'test'
  ...
# Subtest: Twilio verifies dedicated sender, account, inbound direction, allowlist and original timestamp
ok 325 - Twilio verifies dedicated sender, account, inbound direction, allowlist and original timestamp
  ---
  duration_ms: 9.632333
  type: 'test'
  ...
# Subtest: D1 duplicates, out-of-order events, manual echoes and operator pause
ok 326 - D1 duplicates, out-of-order events, manual echoes and operator pause
  ---
  duration_ms: 6.76975
  type: 'test'
  ...
# Subtest: simultaneous events serialize and expired uncertain lease pauses without creating
ok 327 - simultaneous events serialize and expired uncertain lease pauses without creating
  ---
  duration_ms: 5.521708
  type: 'test'
  ...
# Subtest: checkout ambiguity never retries creation; durable token remains for reconciliation
ok 328 - checkout ambiguity never retries creation; durable token remains for reconciliation
  ---
  duration_ms: 7.947875
  type: 'test'
  ...
# Subtest: outbound sends require separate gate, allowlist and active service window; failures pause
ok 329 - outbound sends require separate gate, allowlist and active service window; failures pause
  ---
  duration_ms: 6.630625
  type: 'test'
  ...
# shopify_webhook_registration_failed { code: 'list_network_error' }
# (node:2994) ExperimentalWarning: The MockTimers API is an experimental feature and might change at any time
# Subtest: retention erases structured PII and reply bodies, retains bounded dedup metadata
ok 330 - retention erases structured PII and reply bodies, retains bounded dedup metadata
  ---
  duration_ms: 3.58775
  type: 'test'
  ...
# Subtest: Meta adapter ignores history, wrong number, media payload and expired events
ok 331 - Meta adapter ignores history, wrong number, media payload and expired events
  ---
  duration_ms: 0.333958
  type: 'test'
  ...
# shopify_payment_mismatch {
#   order: 1,
#   amountMatches: false,
#   currencyMatches: true,
#   draftMatches: true
# }
# shopify_payment_mismatch {
#   order: 1,
#   amountMatches: true,
#   currencyMatches: false,
#   draftMatches: true
# }
# Subtest: signed Twilio to canonical order, single invoice, mismatch rejected, paid reconciliation only
ok 332 - signed Twilio to canonical order, single invoice, mismatch rejected, paid reconciliation only
  ---
  duration_ms: 34.77975
  type: 'test'
  ...
# shopify_draft_order_create_failed { kind: 'network' }
# order_checkout_creation_failed { order: 1, discounted: false, kind: 'network' }
# Subtest: canonical checkout failure hands off and never creates another order or invoice
ok 333 - canonical checkout failure hands off and never creates another order or invoice
  ---
  duration_ms: 16.962042
  type: 'test'
  ...
# Subtest: disabled webhook, invalid signature and unauthenticated ops do no work
ok 334 - disabled webhook, invalid signature and unauthenticated ops do no work
  ---
  duration_ms: 3.557875
  type: 'test'
  ...
# Subtest: failed edits revoke the previous confirmation, and never leave an old payable quote
ok 335 - failed edits revoke the previous confirmation, and never leave an old payable quote
  ---
  duration_ms: 0.772625
  type: 'test'
  ...
# Subtest: migration upgrades the pre-release schema and preserves website order defaults
ok 336 - migration upgrades the pre-release schema and preserves website order defaults
  ---
  duration_ms: 1.879958
  type: 'test'
  ...
# Subtest: operator pause is authenticated and CSRF guarded; explicit close allows a fresh draft
ok 337 - operator pause is authenticated and CSRF guarded; explicit close allows a fresh draft
  ---
  duration_ms: 5.259708
  type: 'test'
  ...
# Subtest: Twilio delivery failures pause, delivered/read never regress, callbacks do not mark orders paid
ok 338 - Twilio delivery failures pause, delivered/read never regress, callbacks do not mark orders paid
  ---
  duration_ms: 4.890541
  type: 'test'
  ...
# Subtest: retention still runs after activation and sending are turned off
ok 339 - retention still runs after activation and sending are turned off
  ---
  duration_ms: 3.222041
  type: 'test'
  ...
# Subtest: long summaries split durably within Twilio limits and stale events preserve pending replies
ok 340 - long summaries split durably within Twilio limits and stale events preserve pending replies
  ---
  duration_ms: 4.034375
  type: 'test'
  ...
# Subtest: losing a lease before checkout cannot create an order or publish a reply
ok 341 - losing a lease before checkout cannot create an order or publish a reply
  ---
  duration_ms: 5.320792
  type: 'test'
  ...
# Subtest: canonical creation rejects a price race after confirmation recheck, before any order or charge
ok 342 - canonical creation rejects a price race after confirmation recheck, before any order or charge
  ---
  duration_ms: 20.574958
  type: 'test'
  ...
# Subtest: public callers cannot spoof channel source, reserved token or wallet authorization
ok 343 - public callers cannot spoof channel source, reserved token or wallet authorization
  ---
  duration_ms: 4.405583
  type: 'test'
  ...
# Subtest: natural Hebrew sentence extracts several fields; ambiguous wording cannot authorize an old quote
ok 344 - natural Hebrew sentence extracts several fields; ambiguous wording cannot authorize an old quote
  ---
  duration_ms: 3.836708
  type: 'test'
  ...
# Subtest: natural times use Israel calendar and existing eligibility; no vague or fractional hour guesses
ok 345 - natural times use Israel calendar and existing eligibility; no vague or fractional hour guesses
  ---
  duration_ms: 0.405208
  type: 'test'
  ...
# Subtest: delivery failure arriving before POST response is durable and pauses before next multipart send
ok 346 - delivery failure arriving before POST response is durable and pauses before next multipart send
  ---
  duration_ms: 4.187917
  type: 'test'
  ...
# Subtest: cancelled or missing canonical order never releases an uncertain checkout, including after retention
ok 347 - cancelled or missing canonical order never releases an uncertain checkout, including after retention
  ---
  duration_ms: 6.9745
  type: 'test'
  ...
# Subtest: delayed human request dominates ordering; same-second follow-up stays paused without repeated acknowledgement
ok 348 - delayed human request dominates ordering; same-second follow-up stays paused without repeated acknowledgement
  ---
  duration_ms: 4.7665
  type: 'test'
  ...
# Subtest: mocked natural conversation reaches one canonical invoice and pauses on human takeover
ok 349 - mocked natural conversation reaches one canonical invoice and pauses on human takeover
  ---
  duration_ms: 21.676917
  type: 'test'
  ...
# Subtest: concurrent dispatch cannot send another part between send lease release and failure reconciliation
ok 350 - concurrent dispatch cannot send another part between send lease release and failure reconciliation
  ---
  duration_ms: 5.074417
  type: 'test'
  ...
# Subtest: failure receipt arriving during quote recheck blocks checkout under the same lease
ok 351 - failure receipt arriving during quote recheck blocks checkout under the same lease
  ---
  duration_ms: 8.140791
  type: 'test'
  ...
# Subtest: guided names, notes and access details retain size/date words as free text
ok 352 - guided names, notes and access details retain size/date words as free text
  ---
  duration_ms: 4.618833
  type: 'test'
  ...
# Subtest: conversation pilot collects, quotes, edits and ends without orders, invoice, email or driver work
ok 353 - conversation pilot collects, quotes, edits and ends without orders, invoice, email or driver work
  ---
  duration_ms: 59.439333
  type: 'test'
  ...
# Subtest: pilot configuration fails closed on expiry, production, model activation or recipient expansion
ok 354 - pilot configuration fails closed on expiry, production, model activation or recipient expansion
  ---
  duration_ms: 4.954791
  type: 'test'
  ...
# Subtest: pilot atomic quotas persist across concurrency, draft closure and retention; expired pilot cannot reserve
ok 355 - pilot atomic quotas persist across concurrency, draft closure and retention; expired pilot cannot reserve
  ---
  duration_ms: 3.043125
  type: 'test'
  ...
# Subtest: pilot outgoing cap blocks external sends and cancels legacy payment replies
ok 356 - pilot outgoing cap blocks external sends and cancels legacy payment replies
  ---
  duration_ms: 4.696666
  type: 'test'
  ...
# Subtest: pilot inbound cap stops further processing and historical booked draft cannot expose a payment link
ok 357 - pilot inbound cap stops further processing and historical booked draft cannot expose a payment link
  ---
  duration_ms: 3.809625
  type: 'test'
  ...
# Subtest: pilot address cap surrounds each actual Places API request, not just conversation turns
ok 358 - pilot address cap surrounds each actual Places API request, not just conversation turns
  ---
  duration_ms: 17.921208
  type: 'test'
  ...
# Subtest: pilot expiry boundary blocks the second send after first crosses deadline
ok 359 - pilot expiry boundary blocks the second send after first crosses deadline
  ---
  duration_ms: 3.968709
  type: 'test'
  ...
# Subtest: pilot expiry during quota reservation blocks the provider request without refunding the reservation
ok 360 - pilot expiry during quota reservation blocks the provider request without refunding the reservation
  ---
  duration_ms: 4.937875
  type: 'test'
  ...
# Subtest: Luna pilot follows signed WhatsApp flow with one budget and never reaches order/payment/dispatch
ok 361 - Luna pilot follows signed WhatsApp flow with one budget and never reaches order/payment/dispatch
  ---
  duration_ms: 29.951459
  type: 'test'
  ...
# Subtest: readiness HTTP route requires Ops authentication, trusted origin and explicitly disabled pilot gates
ok 362 - readiness HTTP route requires Ops authentication, trusted origin and explicitly disabled pilot gates
  ---
  duration_ms: 3.632542
  type: 'test'
  ...
# Subtest: new Luna pilot isolates its draft and cannot dispatch a previous pilot reply
ok 363 - new Luna pilot isolates its draft and cannot dispatch a previous pilot reply
  ---
  duration_ms: 5.2035
  type: 'test'
  ...
# Subtest: signed continuation conversation counts model and Maps calls, reviews edits, and stops before order/payment/driver creation
ok 364 - signed continuation conversation counts model and Maps calls, reviews edits, and stops before order/payment/driver creation
  ---
  duration_ms: 71.82
  type: 'test'
  ...
# Subtest: continuation grant endpoint requires Ops authorization, trusted origin, exact identity and explicit OFF-state approval
ok 365 - continuation grant endpoint requires Ops authorization, trusted origin, exact identity and explicit OFF-state approval
  ---
  duration_ms: 5.552458
  type: 'test'
  ...
# Subtest: /check real workerd/D1 grant preserves original hash/holds, enforces six calls, durable duplicates and atomic transport lock
ok 366 - /check real workerd/D1 grant preserves original hash/holds, enforces six calls, durable duplicates and atomic transport lock
  ---
  duration_ms: 581.375083
  type: 'test'
  ...
# Subtest: /followon real workerd/D1 grant preserves original hash/holds, enforces six calls, durable duplicates and atomic transport lock
ok 367 - /followon real workerd/D1 grant preserves original hash/holds, enforces six calls, durable duplicates and atomic transport lock
  ---
  duration_ms: 276.321458
  type: 'test'
  ...
# Subtest: /retry real workerd/D1 grant preserves original hash/holds, enforces six calls, durable duplicates and atomic transport lock
ok 368 - /retry real workerd/D1 grant preserves original hash/holds, enforces six calls, durable duplicates and atomic transport lock
  ---
  duration_ms: 299.833292
  type: 'test'
  ...
# Subtest: /failure-notice real workerd/D1 records bounded diagnostics and sends one fixed failure notice with mocked providers
ok 369 - /failure-notice real workerd/D1 records bounded diagnostics and sends one fixed failure notice with mocked providers
  ---
  duration_ms: 194.318459
  type: 'test'
  ...
# Subtest: /proposal-rejection real workerd/D1 records bounded diagnostics and sends one fixed failure notice with mocked providers
ok 370 - /proposal-rejection real workerd/D1 records bounded diagnostics and sends one fixed failure notice with mocked providers
  ---
  duration_ms: 394.960083
  type: 'test'
  ...
# (node:2996) ExperimentalWarning: SQLite is an experimental feature and might change at any time
# (Use `node --trace-warnings ...` to show where the warning was created)
# Subtest: grant issuance is explicit OFF-only, versioned and immutable; historical ledger/hash/counters stay unchanged
ok 371 - grant issuance is explicit OFF-only, versioned and immutable; historical ledger/hash/counters stay unchanged
  ---
  duration_ms: 15.388292
  type: 'test'
  ...
# Subtest: six serialized interpretations retain all allowances; duplicate keys and seventh call cannot reserve
ok 372 - six serialized interpretations retain all allowances; duplicate keys and seventh call cannot reserve
  ---
  duration_ms: 29.106916
  type: 'test'
  ...
# Subtest: transport quotas, duplicates, fixed cushion and cumulative run cap are enforced before IO
ok 373 - transport quotas, duplicates, fixed cushion and cumulative run cap are enforced before IO
  ---
  duration_ms: 32.943625
  type: 'test'
  ...
# Subtest: unknown costs, changed history, expiry, operator stop and pending crash all fail closed
ok 374 - unknown costs, changed history, expiry, operator stop and pending crash all fail closed
  ---
  duration_ms: 22.23375
  type: 'test'
  ...
# Subtest: uncertain outcomes keep reservation and permanent stop; late success cannot refund or unlock new work
ok 375 - uncertain outcomes keep reservation and permanent stop; late success cannot refund or unlock new work
  ---
  duration_ms: 15.888875
  type: 'test'
  ...
# Subtest: counted model transport uses six unique events, exact payload and caps, no history or customer diagnostics
ok 376 - counted model transport uses six unique events, exact payload and caps, no history or customer diagnostics
  ---
  duration_ms: 60.814416
  type: 'test'
  ...
# Subtest: bounded model fails closed: count_error
ok 377 - bounded model fails closed: count_error
  ---
  duration_ms: 5.775916
  type: 'test'
  ...
# Subtest: bounded model fails closed: count_large
ok 378 - bounded model fails closed: count_large
  ---
  duration_ms: 5.290416
  type: 'test'
  ...
# Subtest: bounded model fails closed: count_unknown
ok 379 - bounded model fails closed: count_unknown
  ---
  duration_ms: 6.127041
  type: 'test'
  ...
# Subtest: bounded model fails closed: count_transport
ok 380 - bounded model fails closed: count_transport
  ---
  duration_ms: 9.428292
  type: 'test'
  ...
# Subtest: bounded model fails closed: expired_after_count
ok 381 - bounded model fails closed: expired_after_count
  ---
  duration_ms: 6.574375
  type: 'test'
  ...
# Subtest: bounded model fails closed: stop_after_count
ok 382 - bounded model fails closed: stop_after_count
  ---
  duration_ms: 10.114
  type: 'test'
  ...
# Subtest: bounded model fails closed: generation_error
ok 383 - bounded model fails closed: generation_error
  ---
  duration_ms: 6.407833
  type: 'test'
  ...
# Subtest: bounded model fails closed: usage_mismatch
ok 384 - bounded model fails closed: usage_mismatch
  ---
  duration_ms: 11.151292
  type: 'test'
  ...
# Subtest: bounded model fails closed: malformed
ok 385 - bounded model fails closed: malformed
  ---
  duration_ms: 6.25375
  type: 'test'
  ...
# Subtest: bounded model fails closed: abort
ok 386 - bounded model fails closed: abort
  ---
  duration_ms: 22.907459
  type: 'test'
  ...
# Subtest: bounded model fails closed: late_response
ok 387 - bounded model fails closed: late_response
  ---
  duration_ms: 17.5045
  type: 'test'
  ...
# Subtest: old migration replay and data retention cannot reopen a grant or its operations
ok 388 - old migration replay and data retention cannot reopen a grant or its operations
  ---
  duration_ms: 18.269083
  type: 'test'
  ...
# Subtest: pending transport crash serializes further IO, keeps its cost and never auto-retries
ok 389 - pending transport crash serializes further IO, keeps its cost and never auto-retries
  ---
  duration_ms: 11.305709
  type: 'test'
  ...
# Subtest: conversation event and reply replay are idempotent, operator Pause stops the grant, and no downstream writes occur
ok 390 - conversation event and reply replay are idempotent, operator Pause stops the grant, and no downstream writes occur
  ---
  duration_ms: 15.75475
  type: 'test'
  ...
# Subtest: model factory receives a server-owned event digest, and existing pilot replies cannot escape into continuation
ok 391 - model factory receives a server-owned event digest, and existing pilot replies cannot escape into continuation
  ---
  duration_ms: 6.053875
  type: 'test'
  ...
# Subtest: expired reservation after asynchronous count cannot generate or release its full allowance
ok 392 - expired reservation after asynchronous count cannot generate or release its full allowance
  ---
  duration_ms: 5.555875
  type: 'test'
  ...
# (node:2996) ExperimentalWarning: The MockTimers API is an experimental feature and might change at any time
# Subtest: migration validator rejects partial or weakened constraints without repairing them
ok 393 - migration validator rejects partial or weakened constraints without repairing them
  ---
  duration_ms: 4.882042
  type: 'test'
  ...
# Subtest: OFF-state operator page offers one explicit grant action, with no auto issuance or customer activation
ok 394 - OFF-state operator page offers one explicit grant action, with no auto issuance or customer activation
  ---
  duration_ms: 5.597834
  type: 'test'
  ...
# Subtest: abort during a count response that ignores the signal cannot generate or release the reservation
ok 395 - abort during a count response that ignores the signal cannot generate or release the reservation
  ---
  duration_ms: 4.371958
  type: 'test'
  ...
# Subtest: selected continuation cannot escape its gates by changing mode to full or dropping it
ok 396 - selected continuation cannot escape its gates by changing mode to full or dropping it
  ---
  duration_ms: 3.838459
  type: 'test'
  ...
# Subtest: failed delivery receipt stops the grant permanently and preserves transport allowance
ok 397 - failed delivery receipt stops the grant permanently and preserves transport allowance
  ---
  duration_ms: 9.057292
  type: 'test'
  ...
# Subtest: follow-on grants require an unused expired predecessor and exact separately approved version
ok 398 - follow-on grants require an unused expired predecessor and exact separately approved version
  ---
  duration_ms: 49.983167
  type: 'test'
  ...
# Subtest: follow-on issuance is one-shot; predecessor, history and original holds remain immutable
ok 399 - follow-on issuance is one-shot; predecessor, history and original holds remain immutable
  ---
  duration_ms: 7.219542
  type: 'test'
  ...
# Subtest: follow-on retains original cumulative envelope and all per-window quotas without retries
ok 400 - follow-on retains original cumulative envelope and all per-window quotas without retries
  ---
  duration_ms: 58.109125
  type: 'test'
  ...
# Subtest: follow-on provider uncertainty or operator stop cannot reopen or refund its grant
ok 401 - follow-on provider uncertainty or operator stop cannot reopen or refund its grant
  ---
  duration_ms: 18.75625
  type: 'test'
  ...
# Subtest: follow-on schema validation includes every atomic predecessor guard and rejects weakened schemas
ok 402 - follow-on schema validation includes every atomic predecessor guard and rejects weakened schemas
  ---
  duration_ms: 4.6705
  type: 'test'
  ...
# Subtest: v2 Ops page supplies version two and stays OFF until separate activation
ok 403 - v2 Ops page supplies version two and stays OFF until separate activation
  ---
  duration_ms: 3.863
  type: 'test'
  ...
# Subtest: default remains fail-closed; policy cannot be retrofitted onto an issued grant
ok 404 - default remains fail-closed; policy cannot be retrofitted onto an issued grant
  ---
  duration_ms: 14.140834
  type: 'test'
  ...
# Subtest: model failure allows exactly one fixed budgeted notice, never restarts conversation or downstream work
ok 405 - model failure allows exactly one fixed budgeted notice, never restarts conversation or downstream work
  ---
  duration_ms: 14.174042
  type: 'test'
  ...
# Subtest: failure notice rejects quota
ok 406 - failure notice rejects quota
  ---
  duration_ms: 11.908667
  type: 'test'
  ...
# Subtest: failure notice rejects budget
ok 407 - failure notice rejects budget
  ---
  duration_ms: 10.830041
  type: 'test'
  ...
# Subtest: failure notice rejects expired
ok 408 - failure notice rejects expired
  ---
  duration_ms: 11.323
  type: 'test'
  ...
# Subtest: failure notice rejects late
ok 409 - failure notice rejects late
  ---
  duration_ms: 17.357125
  type: 'test'
  ...
# Subtest: failure notice rejects off
ok 410 - failure notice rejects off
  ---
  duration_ms: 21.344
  type: 'test'
  ...
# Subtest: failure notice rejects operator
ok 411 - failure notice rejects operator
  ---
  duration_ms: 19.960666
  type: 'test'
  ...
# Subtest: failure notice rejects receipt
ok 412 - failure notice rejects receipt
  ---
  duration_ms: 11.268042
  type: 'test'
  ...
# Subtest: failure notice rejects body
ok 413 - failure notice rejects body
  ---
  duration_ms: 10.12
  type: 'test'
  ...
# Subtest: failure notice rejects recipient
ok 414 - failure notice rejects recipient
  ---
  duration_ms: 11.406125
  type: 'test'
  ...
# Subtest: failure notice rejects grant
ok 415 - failure notice rejects grant
  ---
  duration_ms: 10.982083
  type: 'test'
  ...
# Subtest: failure notice rejects model
ok 416 - failure notice rejects model
  ---
  duration_ms: 11.053458
  type: 'test'
  ...
# Subtest: failure notice rejects policy
ok 417 - failure notice rejects policy
  ---
  duration_ms: 10.5995
  type: 'test'
  ...
# Subtest: failure notice rejects json
ok 418 - failure notice rejects json
  ---
  duration_ms: 8.72075
  type: 'test'
  ...
# Subtest: notice transport uncertainty retains hold and is never retried
ok 419 - notice transport uncertainty retains hold and is never retried
  ---
  duration_ms: 10.828042
  type: 'test'
  ...
# Subtest: notice reservation crash, explicit stop and elapsed time cannot authorize a resend
ok 420 - notice reservation crash, explicit stop and elapsed time cannot authorize a resend
  ---
  duration_ms: 38.063042
  type: 'test'
  ...
# Subtest: continuation failure diagnostics persist only bounded categories and numbers
ok 421 - continuation failure diagnostics persist only bounded categories and numbers
  ---
  duration_ms: 14.651625
  type: 'test'
  ...
# Subtest: third grant carries every old hold once and permits only five more interpretations
ok 422 - third grant carries every old hold once and permits only five more interpretations
  ---
  duration_ms: 12.209
  type: 'test'
  ...
# Subtest: third grant rejects altered predecessor or missing approval: active
ok 423 - third grant rejects altered predecessor or missing approval: active
  ---
  duration_ms: 7.798791
  type: 'test'
  ...
# Subtest: third grant rejects altered predecessor or missing approval: missing
ok 424 - third grant rejects altered predecessor or missing approval: missing
  ---
  duration_ms: 7.111917
  type: 'test'
  ...
# Subtest: third grant rejects altered predecessor or missing approval: lock
ok 425 - third grant rejects altered predecessor or missing approval: lock
  ---
  duration_ms: 7.312084
  type: 'test'
  ...
# Subtest: third grant rejects altered predecessor or missing approval: stop
ok 426 - third grant rejects altered predecessor or missing approval: stop
  ---
  duration_ms: 7.865167
  type: 'test'
  ...
# Subtest: third grant rejects altered predecessor or missing approval: spend
ok 427 - third grant rejects altered predecessor or missing approval: spend
  ---
  duration_ms: 7.183875
  type: 'test'
  ...
# Subtest: third grant rejects altered predecessor or missing approval: model_hold
ok 428 - third grant rejects altered predecessor or missing approval: model_hold
  ---
  duration_ms: 7.65725
  type: 'test'
  ...
# Subtest: third grant rejects altered predecessor or missing approval: count
ok 429 - third grant rejects altered predecessor or missing approval: count
  ---
  duration_ms: 6.520792
  type: 'test'
  ...
# Subtest: third grant rejects altered predecessor or missing approval: operation
ok 430 - third grant rejects altered predecessor or missing approval: operation
  ---
  duration_ms: 7.874625
  type: 'test'
  ...
# Subtest: third grant rejects altered predecessor or missing approval: policy
ok 431 - third grant rejects altered predecessor or missing approval: policy
  ---
  duration_ms: 7.570166
  type: 'test'
  ...
# Subtest: third grant rejects altered predecessor or missing approval: schema
ok 432 - third grant rejects altered predecessor or missing approval: schema
  ---
  duration_ms: 7.096625
  type: 'test'
  ...
# Subtest: third grant rejects altered predecessor or missing approval: version
ok 433 - third grant rejects altered predecessor or missing approval: version
  ---
  duration_ms: 9.496667
  type: 'test'
  ...
# Subtest: third grant atomic issuance freezes predecessor grants and every operation mutation
ok 434 - third grant atomic issuance freezes predecessor grants and every operation mutation
  ---
  duration_ms: 11.255875
  type: 'test'
  ...
# Subtest: third grant preserves $0.9051 baseline and refuses IO above original $2 cap
ok 435 - third grant preserves $0.9051 baseline and refuses IO above original $2 cap
  ---
  duration_ms: 10.080458
  type: 'test'
  ...
# Subtest: third-window fixed notice spends only new allowance with prior holds unchanged
ok 436 - third-window fixed notice spends only new allowance with prior holds unchanged
  ---
  duration_ms: 16.845084
  type: 'test'
  ...
# Subtest: model proposal rejection persists one allowlisted reason, never the quote or provider body
ok 437 - model proposal rejection persists one allowlisted reason, never the quote or provider body
  ---
  duration_ms: 10.533708
  type: 'test'
  ...
# Subtest: Sol fourth grant preserves stopped history, offline holds, model identity, expiry and all quotas
ok 438 - Sol fourth grant preserves stopped history, offline holds, model identity, expiry and all quotas
  ---
  duration_ms: 43.177458
  type: 'test'
  ...
# Subtest: Sol live adapter pins low, no counting, four serialized calls and retains item notes
ok 439 - Sol live adapter pins low, no counting, four serialized calls and retains item notes
  ---
  duration_ms: 22.366209
  type: 'test'
  ...
# Subtest: Sol incomplete, unverified usage, wrong model and transport failure retain the hold and stop
ok 440 - Sol incomplete, unverified usage, wrong model and transport failure retain the hold and stop
  ---
  duration_ms: 52.332625
  type: 'test'
  ...
# Subtest: conversational he: speed groups route; uncertainty asks one detail
ok 441 - conversational he: speed groups route; uncertainty asks one detail
  ---
  duration_ms: 18.930417
  type: 'test'
  ...
# Subtest: conversational ar: speed groups route; uncertainty asks one detail
ok 442 - conversational ar: speed groups route; uncertainty asks one detail
  ---
  duration_ms: 0.900917
  type: 'test'
  ...
# Subtest: conversational ru: speed groups route; uncertainty asks one detail
ok 443 - conversational ru: speed groups route; uncertainty asks one detail
  ---
  duration_ms: 0.363583
  type: 'test'
  ...
# Subtest: conversational fr: speed groups route; uncertainty asks one detail
ok 444 - conversational fr: speed groups route; uncertainty asks one detail
  ---
  duration_ms: 0.433167
  type: 'test'
  ...
# Subtest: conversational en: speed groups route; uncertainty asks one detail
ok 445 - conversational en: speed groups route; uncertainty asks one detail
  ---
  duration_ms: 0.733958
  type: 'test'
  ...
# Subtest: one source-grounded message fills both requested addresses and asks only the next missing field
ok 446 - one source-grounded message fills both requested addresses and asks only the next missing field
  ---
  duration_ms: 4.396417
  type: 'test'
  ...
# Subtest: a supplied pickup is not requested again; a single address remains valid when two were requested
ok 447 - a supplied pickup is not requested again; a single address remains valid when two were requested
  ---
  duration_ms: 0.907417
  type: 'test'
  ...
# Subtest: no model available never asks a combined question; an edit never asks for another field
ok 448 - no model available never asks a combined question; an edit never asks for another field
  ---
  duration_ms: 0.130458
  type: 'test'
  ...
# Subtest: uncertain field uses a single question and remains the active correction
ok 449 - uncertain field uses a single question and remains the active correction
  ---
  duration_ms: 0.371875
  type: 'test'
  ...
# Subtest: only bounded interaction styles accepted; legacy v3 validates but cannot satisfy a v4 request
ok 450 - only bounded interaction styles accepted; legacy v3 validates but cannot satisfy a v4 request
  ---
  duration_ms: 0.355959
  type: 'test'
  ...
# Subtest: same call receives interaction context without stored values, history or customer profile
ok 451 - same call receives interaction context without stored values, history or customer profile
  ---
  duration_ms: 0.227208
  type: 'test'
  ...
# Subtest: urgency cannot bypass price facts, confirmation ambiguity, voice confirmation or human handoff
ok 452 - urgency cannot bypass price facts, confirmation ambiguity, voice confirmation or human handoff
  ---
  duration_ms: 1.239125
  type: 'test'
  ...
# (node:2998) ExperimentalWarning: SQLite is an experimental feature and might change at any time
# (Use `node --trace-warnings ...` to show where the warning was created)
# Subtest: migration 030 preserves jobs and adds sanitized WhatsApp audit readiness
ok 453 - migration 030 preserves jobs and adds sanitized WhatsApp audit readiness
  ---
  duration_ms: 2.251167
  type: 'test'
  ...
# Subtest: paid status, payment, history, and operations outbox commit atomically
ok 454 - paid status, payment, history, and operations outbox commit atomically
  ---
  duration_ms: 1.668333
  type: 'test'
  ...
# Subtest: deployment workflows require migration 030 before WhatsApp activation
ok 455 - deployment workflows require migration 030 before WhatsApp activation
  ---
  duration_ms: 0.199625
  type: 'test'
  ...
# Subtest: signed SM audio reaches the media pipeline with grounded message identity
ok 456 - signed SM audio reaches the media pipeline with grounded message identity
  ---
  duration_ms: 13.38625
  type: 'test'
  ...
# Subtest: signed MM audio reaches the media pipeline with grounded message identity
ok 457 - signed MM audio reaches the media pipeline with grounded message identity
  ---
  duration_ms: 1.060541
  type: 'test'
  ...
# Subtest: media IDs do not weaken signature, account, sender, allowlist or identity checks
ok 458 - media IDs do not weaken signature, account, sender, allowlist or identity checks
  ---
  duration_ms: 8.6165
  type: 'test'
  ...
# Subtest: Hebrew item phrase מעטפה קטנה preserves the source description
ok 459 - Hebrew item phrase מעטפה קטנה preserves the source description
  ---
  duration_ms: 23.079541
  type: 'test'
  ...
# Subtest: Hebrew item phrase חבילה קטנה preserves the source description
ok 460 - Hebrew item phrase חבילה קטנה preserves the source description
  ---
  duration_ms: 0.49725
  type: 'test'
  ...
# Subtest: Hebrew item phrase קופסה קטנה preserves the source description
ok 461 - Hebrew item phrase קופסה קטנה preserves the source description
  ---
  duration_ms: 0.39
  type: 'test'
  ...
# Subtest: Hebrew item phrase פריט קטן preserves the source description
ok 462 - Hebrew item phrase פריט קטן preserves the source description
  ---
  duration_ms: 0.215583
  type: 'test'
  ...
# Subtest: Hebrew item phrase מעטפה בינונית preserves the source description
ok 463 - Hebrew item phrase מעטפה בינונית preserves the source description
  ---
  duration_ms: 0.204792
  type: 'test'
  ...
# Subtest: Hebrew item phrase חבילה בינונית preserves the source description
ok 464 - Hebrew item phrase חבילה בינונית preserves the source description
  ---
  duration_ms: 0.346375
  type: 'test'
  ...
# Subtest: Hebrew item phrase פריט בינוני preserves the source description
ok 465 - Hebrew item phrase פריט בינוני preserves the source description
  ---
  duration_ms: 0.450292
  type: 'test'
  ...
# Subtest: synthetic Hebrew request advances in Hebrew with the item retained and no order
ok 466 - synthetic Hebrew request advances in Hebrew with the item retained and no order
  ---
  duration_ms: 12.344708
  type: 'test'
  ...
# Subtest: Hebrew size evidence still rejects negation, alternatives, weight and unsupported large items
ok 467 - Hebrew size evidence still rejects negation, alternatives, weight and unsupported large items
  ---
  duration_ms: 3.221125
  type: 'test'
  ...
# Subtest: multilingual he: source quotes, item, route, schedule and localized complete pilot
ok 468 - multilingual he: source quotes, item, route, schedule and localized complete pilot
  ---
  duration_ms: 54.364708
  type: 'test'
  ...
# Subtest: multilingual ar: source quotes, item, route, schedule and localized complete pilot
ok 469 - multilingual ar: source quotes, item, route, schedule and localized complete pilot
  ---
  duration_ms: 2.990708
  type: 'test'
  ...
# Subtest: multilingual ru: source quotes, item, route, schedule and localized complete pilot
ok 470 - multilingual ru: source quotes, item, route, schedule and localized complete pilot
  ---
  duration_ms: 2.719875
  type: 'test'
  ...
# Subtest: multilingual fr: source quotes, item, route, schedule and localized complete pilot
ok 471 - multilingual fr: source quotes, item, route, schedule and localized complete pilot
  ---
  duration_ms: 5.424416
  type: 'test'
  ...
# Subtest: multilingual en: source quotes, item, route, schedule and localized complete pilot
ok 472 - multilingual en: source quotes, item, route, schedule and localized complete pilot
  ---
  duration_ms: 2.678208
  type: 'test'
  ...
# Subtest: multilingual mixed: source quotes, item, route, schedule and localized complete pilot
ok 473 - multilingual mixed: source quotes, item, route, schedule and localized complete pilot
  ---
  duration_ms: 1.687042
  type: 'test'
  ...
# Subtest: language selection ignores address scripts and borrowed words; explicit choice persists
ok 474 - language selection ignores address scripts and borrowed words; explicit choice persists
  ---
  duration_ms: 0.24925
  type: 'test'
  ...
# Subtest: model cannot override explicit language preference, confirm, translate source evidence, or invent notes
ok 475 - model cannot override explicit language preference, confirm, translate source evidence, or invent notes
  ---
  duration_ms: 1.461459
  type: 'test'
  ...
# Subtest: multilingual negations and swapped paired routes are rejected
ok 476 - multilingual negations and swapped paired routes are rejected
  ---
  duration_ms: 1.842
  type: 'test'
  ...
# Subtest: Arabic digit menus, localized human and ambiguous confirmation are deterministic
ok 477 - Arabic digit menus, localized human and ambiguous confirmation are deterministic
  ---
  duration_ms: 0.404125
  type: 'test'
  ...
# Subtest: first-message start does not authorize undisclosed audio processing
ok 478 - first-message start does not authorize undisclosed audio processing
  ---
  duration_ms: 0.33675
  type: 'test'
  ...
# Subtest: all translated catalog entries provide Arabic, Russian and French
ok 479 - all translated catalog entries provide Arabic, Russian and French
  ---
  duration_ms: 0.089667
  type: 'test'
  ...
# Subtest: older text-only consent menu cannot silently authorize audio
ok 480 - older text-only consent menu cannot silently authorize audio
  ---
  duration_ms: 0.272584
  type: 'test'
  ...
# Subtest: translated item words do not switch language or corrupt a name answer
ok 481 - translated item words do not switch language or corrupt a name answer
  ---
  duration_ms: 0.118542
  type: 'test'
  ...
# Subtest: Arabic digits normalize only after grounding; card-like Arabic/Persian digits stay out of drafts
ok 482 - Arabic digits normalize only after grounding; card-like Arabic/Persian digits stay out of drafts
  ---
  duration_ms: 0.564917
  type: 'test'
  ...
# (node:3001) ExperimentalWarning: SQLite is an experimental feature and might change at any time
# (Use `node --trace-warnings ...` to show where the warning was created)
# Subtest: Luna profile requires all gates and an at-most-one-hour window, not rolling expiry
ok 483 - Luna profile requires all gates and an at-most-one-hour window, not rolling expiry
  ---
  duration_ms: 5.241958
  type: 'test'
  ...
# Subtest: first use pins window and binding; redeployment cannot extend time, change recipient or reset counters
ok 484 - first use pins window and binding; redeployment cannot extend time, change recipient or reset counters
  ---
  duration_ms: 11.1225
  type: 'test'
  ...
# Subtest: concurrent model reservations serialize; valid usage settles once and all attempts count
ok 485 - concurrent model reservations serialize; valid usage settles once and all attempts count
  ---
  duration_ms: 9.570083
  type: 'test'
  ...
# Subtest: uncertain reservation survives restart, late completion and retention; no retry or refund
ok 486 - uncertain reservation survives restart, late completion and retention; no retry or refund
  ---
  duration_ms: 3.754417
  type: 'test'
  ...
# Subtest: readiness uses same budget before live hour; cannot be called under ordinary or enabled config
ok 487 - readiness uses same budget before live hour; cannot be called under ordinary or enabled config
  ---
  duration_ms: 3.680625
  type: 'test'
  ...
# Subtest: full context upper bound fits reservation; invalid usage and pool shortage fail closed
ok 488 - full context upper bound fits reservation; invalid usage and pool shortage fail closed
  ---
  duration_ms: 3.939
  type: 'test'
  ...
# Subtest: model request pins tier, validates usage, ignores optional reasoning and records safe diagnostics
ok 489 - model request pins tier, validates usage, ignores optional reasoning and records safe diagnostics
  ---
  duration_ms: 29.733958
  type: 'test'
  ...
# (node:3001) ExperimentalWarning: The MockTimers API is an experimental feature and might change at any time
# Subtest: expired awaited reservation never reaches provider; failed usage never yields a proposal
ok 490 - expired awaited reservation never reaches provider; failed usage never yields a proposal
  ---
  duration_ms: 7.409959
  type: 'test'
  ...
# Subtest: pilot accepts response after old 1.5s timeout; 10s abort retains the hold without retry
ok 491 - pilot accepts response after old 1.5s timeout; 10s abort retains the hold without retry
  ---
  duration_ms: 9.419625
  type: 'test'
  ...
# Subtest: readiness replay is nonbillable, fixed synthetic-only and consumes the forthcoming live pool
ok 492 - readiness replay is nonbillable, fixed synthetic-only and consumes the forthcoming live pool
  ---
  duration_ms: 5.51725
  type: 'test'
  ...
# Subtest: readiness semantic mismatch stops the ledger and preserves full reservation
ok 493 - readiness semantic mismatch stops the ledger and preserves full reservation
  ---
  duration_ms: 4.780916
  type: 'test'
  ...
# Subtest: migration 040 is additive and schema verification rejects missing or weakened definitions
ok 494 - migration 040 is additive and schema verification rejects missing or weakened definitions
  ---
  duration_ms: 5.996208
  type: 'test'
  ...
# Subtest: outbound quota is durable and old pilot counters are untouched by the new profile
ok 495 - outbound quota is durable and old pilot counters are untouched by the new profile
  ---
  duration_ms: 5.265292
  type: 'test'
  ...
# Subtest: provider ignoring abort cannot use a late answer or free a pending reservation for another request
ok 496 - provider ignoring abort cannot use a late answer or free a pending reservation for another request
  ---
  duration_ms: 3.971333
  type: 'test'
  ...
# Subtest: one explicitly selected readiness case counts exact payload before bounded generation and keeps ten-cent allocation
ok 497 - one explicitly selected readiness case counts exact payload before bounded generation and keeps ten-cent allocation
  ---
  duration_ms: 4.464291
  type: 'test'
  ...
# Subtest: readiness token counting rejects missing, excessive and failed counts without generating or retrying
ok 498 - readiness token counting rejects missing, excessive and failed counts without generating or retrying
  ---
  duration_ms: 21.53375
  type: 'test'
  ...
# Subtest: readiness fails closed when actual input differs from count or output exceeds requested cap
ok 499 - readiness fails closed when actual input differs from count or output exceeds requested cap
  ---
  duration_ms: 8.57275
  type: 'test'
  ...
# Subtest: fictional readiness reports structural/schema failures usefully without exposing provider error text or headers
ok 500 - fictional readiness reports structural/schema failures usefully without exposing provider error text or headers
  ---
  duration_ms: 14.145708
  type: 'test'
  ...
# Subtest: only explicit follow-up approval reserves a second allowance without resetting stopped ledger
ok 501 - only explicit follow-up approval reserves a second allowance without resetting stopped ledger
  ---
  duration_ms: 6.841625
  type: 'test'
  ...
# Subtest: follow-up cannot be used before a first failed transport attempt or with stale browser identity
ok 502 - follow-up cannot be used before a first failed transport attempt or with stale browser identity
  ---
  duration_ms: 3.544167
  type: 'test'
  ...
# Subtest: observed offset payload and quoted pronoun fail closed; exact keys quote passes the unchanged readiness gate
ok 503 - observed offset payload and quoted pronoun fail closed; exact keys quote passes the unchanged readiness gate
  ---
  duration_ms: 14.84025
  type: 'test'
  ...
# Subtest: quote-v2 check is one separately approved third attempt preserving both uncertain records
ok 504 - quote-v2 check is one separately approved third attempt preserving both uncertain records
  ---
  duration_ms: 10.729291
  type: 'test'
  ...
# Subtest: quote-v2 approval cannot bypass missing, modified or successful prior attempt evidence
ok 505 - quote-v2 approval cannot bypass missing, modified or successful prior attempt evidence
  ---
  duration_ms: 58.73175
  type: 'test'
  ...
# Subtest: literal route prefixes included pickup=false destination=false preserve raw evidence and normalize equally
ok 506 - literal route prefixes included pickup=false destination=false preserve raw evidence and normalize equally
  ---
  duration_ms: 31.890541
  type: 'test'
  ...
# Subtest: swapped route prefixes pickup=false destination=false still rejected
ok 507 - swapped route prefixes pickup=false destination=false still rejected
  ---
  duration_ms: 7.506916
  type: 'test'
  ...
# Subtest: literal route prefixes included pickup=true destination=false preserve raw evidence and normalize equally
ok 508 - literal route prefixes included pickup=true destination=false preserve raw evidence and normalize equally
  ---
  duration_ms: 1.796625
  type: 'test'
  ...
# Subtest: swapped route prefixes pickup=true destination=false still rejected
ok 509 - swapped route prefixes pickup=true destination=false still rejected
  ---
  duration_ms: 1.213458
  type: 'test'
  ...
# Subtest: literal route prefixes included pickup=false destination=true preserve raw evidence and normalize equally
ok 510 - literal route prefixes included pickup=false destination=true preserve raw evidence and normalize equally
  ---
  duration_ms: 0.538375
  type: 'test'
  ...
# Subtest: swapped route prefixes pickup=false destination=true still rejected
ok 511 - swapped route prefixes pickup=false destination=true still rejected
  ---
  duration_ms: 0.495625
  type: 'test'
  ...
# Subtest: literal route prefixes included pickup=true destination=true preserve raw evidence and normalize equally
ok 512 - literal route prefixes included pickup=true destination=true preserve raw evidence and normalize equally
  ---
  duration_ms: 0.460375
  type: 'test'
  ...
# Subtest: swapped route prefixes pickup=true destination=true still rejected
ok 513 - swapped route prefixes pickup=true destination=true still rejected
  ---
  duration_ms: 0.409416
  type: 'test'
  ...
# Subtest: actual street-name letters are not stripped and bare pairs are not assigned roles by field names
ok 514 - actual street-name letters are not stripped and bare pairs are not assigned roles by field names
  ---
  duration_ms: 1.053334
  type: 'test'
  ...
# Subtest: separate English markers within exact quotes normalize but invented quotes/roles do not
ok 515 - separate English markers within exact quotes normalize but invented quotes/roles do not
  ---
  duration_ms: 0.560291
  type: 'test'
  ...
# Subtest: negation and alternatives keep their scope with prefix-inclusive quotes
ok 516 - negation and alternatives keep their scope with prefix-inclusive quotes
  ---
  duration_ms: 0.306125
  type: 'test'
  ...
# Subtest: prefixed proposal reaches canonical resolver as same proposed route; never skips choices or confirmation
ok 517 - prefixed proposal reaches canonical resolver as same proposed route; never skips choices or confirmation
  ---
  duration_ms: 6.14425
  type: 'test'
  ...
# Subtest: low effort is serialized; zero reasoning usage stays zero while missing usage fails closed
ok 518 - low effort is serialized; zero reasoning usage stays zero while missing usage fails closed
  ---
  duration_ms: 0.199625
  type: 'test'
  ...
# Subtest: rejection evidence stores only bounded synthetic source spans, enabling precise offline reconstruction
ok 519 - rejection evidence stores only bounded synthetic source spans, enabling precise offline reconstruction
  ---
  duration_ms: 0.84675
  type: 'test'
  ...
# Subtest: prefix-inclusive scoped replacements normalize without accepting the negated old address
ok 520 - prefix-inclusive scoped replacements normalize without accepting the negated old address
  ---
  duration_ms: 0.312167
  type: 'test'
  ...
# Subtest: review context he-reject-0: reject grounded quote
ok 521 - review context he-reject-0: reject grounded quote
  ---
  duration_ms: 19.929458
  type: 'test'
  ...
# Subtest: review context he-reject-0: typed draft is unchanged
ok 522 - review context he-reject-0: typed draft is unchanged
  ---
  duration_ms: 18.832584
  type: 'test'
  ...
# Subtest: review context he-reject-1: reject grounded quote
ok 523 - review context he-reject-1: reject grounded quote
  ---
  duration_ms: 0.142125
  type: 'test'
  ...
# Subtest: review context he-reject-1: typed draft is unchanged
ok 524 - review context he-reject-1: typed draft is unchanged
  ---
  duration_ms: 2.200042
  type: 'test'
  ...
# Subtest: review context he-reject-2: reject grounded quote
ok 525 - review context he-reject-2: reject grounded quote
  ---
  duration_ms: 0.121583
  type: 'test'
  ...
# Subtest: review context he-reject-2: typed draft is unchanged
ok 526 - review context he-reject-2: typed draft is unchanged
  ---
  duration_ms: 1.887625
  type: 'test'
  ...
# Subtest: review context he-reject-3: reject grounded quote
ok 527 - review context he-reject-3: reject grounded quote
  ---
  duration_ms: 0.091375
  type: 'test'
  ...
# Subtest: review context he-reject-3: typed draft is unchanged
ok 528 - review context he-reject-3: typed draft is unchanged
  ---
  duration_ms: 0.473917
  type: 'test'
  ...
# Subtest: review context he-reject-4: reject grounded quote
ok 529 - review context he-reject-4: reject grounded quote
  ---
  duration_ms: 0.28375
  type: 'test'
  ...
# Subtest: review context he-reject-4: typed draft is unchanged
ok 530 - review context he-reject-4: typed draft is unchanged
  ---
  duration_ms: 0.965208
  type: 'test'
  ...
# Subtest: review context he-reject-5: reject grounded quote
ok 531 - review context he-reject-5: reject grounded quote
  ---
  duration_ms: 0.242709
  type: 'test'
  ...
# Subtest: review context he-reject-5: typed draft is unchanged
ok 532 - review context he-reject-5: typed draft is unchanged
  ---
  duration_ms: 0.377834
  type: 'test'
  ...
# Subtest: review context he-reject-6: reject grounded quote
ok 533 - review context he-reject-6: reject grounded quote
  ---
  duration_ms: 0.054375
  type: 'test'
  ...
# Subtest: review context he-reject-6: typed draft is unchanged
ok 534 - review context he-reject-6: typed draft is unchanged
  ---
  duration_ms: 0.313375
  type: 'test'
  ...
# Subtest: review context he-reject-7: reject grounded quote
ok 535 - review context he-reject-7: reject grounded quote
  ---
  duration_ms: 0.045583
  type: 'test'
  ...
# Subtest: review context he-reject-7: typed draft is unchanged
ok 536 - review context he-reject-7: typed draft is unchanged
  ---
  duration_ms: 0.270125
  type: 'test'
  ...
# Subtest: review context he-reject-8: reject grounded quote
ok 537 - review context he-reject-8: reject grounded quote
  ---
  duration_ms: 0.051959
  type: 'test'
  ...
# Subtest: review context he-reject-8: typed draft is unchanged
ok 538 - review context he-reject-8: typed draft is unchanged
  ---
  duration_ms: 0.477667
  type: 'test'
  ...
# Subtest: review context he-reject-9: reject grounded quote
ok 539 - review context he-reject-9: reject grounded quote
  ---
  duration_ms: 0.066834
  type: 'test'
  ...
# Subtest: review context he-reject-9: typed draft is unchanged
ok 540 - review context he-reject-9: typed draft is unchanged
  ---
  duration_ms: 0.362958
  type: 'test'
  ...
# Subtest: review context he-reject-10: reject grounded quote
ok 541 - review context he-reject-10: reject grounded quote
  ---
  duration_ms: 0.058667
  type: 'test'
  ...
# Subtest: review context he-reject-10: typed draft is unchanged
ok 542 - review context he-reject-10: typed draft is unchanged
  ---
  duration_ms: 0.71325
  type: 'test'
  ...
# Subtest: review context he-reject-11: reject grounded quote
ok 543 - review context he-reject-11: reject grounded quote
  ---
  duration_ms: 0.461333
  type: 'test'
  ...
# Subtest: review context he-reject-11: typed draft is unchanged
ok 544 - review context he-reject-11: typed draft is unchanged
  ---
  duration_ms: 0.458917
  type: 'test'
  ...
# Subtest: review context he-reject-12: reject grounded quote
ok 545 - review context he-reject-12: reject grounded quote
  ---
  duration_ms: 0.161084
  type: 'test'
  ...
# Subtest: review context he-reject-12: typed draft is unchanged
ok 546 - review context he-reject-12: typed draft is unchanged
  ---
  duration_ms: 0.239542
  type: 'test'
  ...
# Subtest: review context fr-review-alternative: reject grounded quote
ok 547 - review context fr-review-alternative: reject grounded quote
  ---
  duration_ms: 1.178458
  type: 'test'
  ...
# Subtest: review context fr-review-alternative: typed draft is unchanged
ok 548 - review context fr-review-alternative: typed draft is unchanged
  ---
  duration_ms: 0.747708
  type: 'test'
  ...
# Subtest: review context en-review-negation: reject grounded quote
ok 549 - review context en-review-negation: reject grounded quote
  ---
  duration_ms: 0.06525
  type: 'test'
  ...
# Subtest: review context en-review-negation: typed draft is unchanged
ok 550 - review context en-review-negation: typed draft is unchanged
  ---
  duration_ms: 0.525458
  type: 'test'
  ...
# Subtest: review context en-alternative: reject grounded quote
ok 551 - review context en-alternative: reject grounded quote
  ---
  duration_ms: 0.074041
  type: 'test'
  ...
# Subtest: review context en-alternative: typed draft is unchanged
ok 552 - review context en-alternative: typed draft is unchanged
  ---
  duration_ms: 0.27225
  type: 'test'
  ...
# Subtest: review context en-negative: reject grounded quote
ok 553 - review context en-negative: reject grounded quote
  ---
  duration_ms: 0.051667
  type: 'test'
  ...
# Subtest: review context en-negative: typed draft is unchanged
ok 554 - review context en-negative: typed draft is unchanged
  ---
  duration_ms: 0.248
  type: 'test'
  ...
# Subtest: review context en-correction: reject grounded quote
ok 555 - review context en-correction: reject grounded quote
  ---
  duration_ms: 1.404125
  type: 'test'
  ...
# Subtest: review context en-correction: typed draft is unchanged
ok 556 - review context en-correction: typed draft is unchanged
  ---
  duration_ms: 0.307292
  type: 'test'
  ...
# Subtest: review context en-weight: reject grounded quote
ok 557 - review context en-weight: reject grounded quote
  ---
  duration_ms: 0.048625
  type: 'test'
  ...
# Subtest: review context en-weight: typed draft is unchanged
ok 558 - review context en-weight: typed draft is unchanged
  ---
  duration_ms: 0.386334
  type: 'test'
  ...
# Subtest: review context en-valid-note: accept grounded quote
ok 559 - review context en-valid-note: accept grounded quote
  ---
  duration_ms: 0.63025
  type: 'test'
  ...
# Subtest: review context en-valid-note: typed draft is advanced
ok 560 - review context en-valid-note: typed draft is advanced
  ---
  duration_ms: 0.533792
  type: 'test'
  ...
# Subtest: review context en-bare: accept grounded quote
ok 561 - review context en-bare: accept grounded quote
  ---
  duration_ms: 0.064375
  type: 'test'
  ...
# Subtest: review context en-bare: typed draft is advanced
ok 562 - review context en-bare: typed draft is advanced
  ---
  duration_ms: 0.229292
  type: 'test'
  ...
# Subtest: review context fr-alternative: reject grounded quote
ok 563 - review context fr-alternative: reject grounded quote
  ---
  duration_ms: 0.0745
  type: 'test'
  ...
# Subtest: review context fr-alternative: typed draft is unchanged
ok 564 - review context fr-alternative: typed draft is unchanged
  ---
  duration_ms: 0.323375
  type: 'test'
  ...
# Subtest: review context fr-negative: reject grounded quote
ok 565 - review context fr-negative: reject grounded quote
  ---
  duration_ms: 0.7135
  type: 'test'
  ...
# Subtest: review context fr-negative: typed draft is unchanged
ok 566 - review context fr-negative: typed draft is unchanged
  ---
  duration_ms: 0.432417
  type: 'test'
  ...
# Subtest: review context fr-correction: reject grounded quote
ok 567 - review context fr-correction: reject grounded quote
  ---
  duration_ms: 0.06325
  type: 'test'
  ...
# Subtest: review context fr-correction: typed draft is unchanged
ok 568 - review context fr-correction: typed draft is unchanged
  ---
  duration_ms: 0.270708
  type: 'test'
  ...
# Subtest: review context fr-weight: reject grounded quote
ok 569 - review context fr-weight: reject grounded quote
  ---
  duration_ms: 0.048208
  type: 'test'
  ...
# Subtest: review context fr-weight: typed draft is unchanged
ok 570 - review context fr-weight: typed draft is unchanged
  ---
  duration_ms: 0.254125
  type: 'test'
  ...
# Subtest: review context fr-valid-note: accept grounded quote
ok 571 - review context fr-valid-note: accept grounded quote
  ---
  duration_ms: 0.061625
  type: 'test'
  ...
# Subtest: review context fr-valid-note: typed draft is advanced
ok 572 - review context fr-valid-note: typed draft is advanced
  ---
  duration_ms: 0.249375
  type: 'test'
  ...
# Subtest: review context fr-bare: accept grounded quote
ok 573 - review context fr-bare: accept grounded quote
  ---
  duration_ms: 0.043917
  type: 'test'
  ...
# Subtest: review context fr-bare: typed draft is advanced
ok 574 - review context fr-bare: typed draft is advanced
  ---
  duration_ms: 0.15175
  type: 'test'
  ...
# Subtest: review context ru-alternative: reject grounded quote
ok 575 - review context ru-alternative: reject grounded quote
  ---
  duration_ms: 0.064417
  type: 'test'
  ...
# Subtest: review context ru-alternative: typed draft is unchanged
ok 576 - review context ru-alternative: typed draft is unchanged
  ---
  duration_ms: 0.257333
  type: 'test'
  ...
# Subtest: review context ru-negative: reject grounded quote
ok 577 - review context ru-negative: reject grounded quote
  ---
  duration_ms: 0.051375
  type: 'test'
  ...
# Subtest: review context ru-negative: typed draft is unchanged
ok 578 - review context ru-negative: typed draft is unchanged
  ---
  duration_ms: 0.905292
  type: 'test'
  ...
# Subtest: review context ru-correction: reject grounded quote
ok 579 - review context ru-correction: reject grounded quote
  ---
  duration_ms: 1.256208
  type: 'test'
  ...
# Subtest: review context ru-correction: typed draft is unchanged
ok 580 - review context ru-correction: typed draft is unchanged
  ---
  duration_ms: 0.439
  type: 'test'
  ...
# Subtest: review context ru-weight: reject grounded quote
ok 581 - review context ru-weight: reject grounded quote
  ---
  duration_ms: 0.056708
  type: 'test'
  ...
# Subtest: review context ru-weight: typed draft is unchanged
ok 582 - review context ru-weight: typed draft is unchanged
  ---
  duration_ms: 0.290167
  type: 'test'
  ...
# Subtest: review context ru-valid-note: accept grounded quote
ok 583 - review context ru-valid-note: accept grounded quote
  ---
  duration_ms: 0.108125
  type: 'test'
  ...
# Subtest: review context ru-valid-note: typed draft is advanced
ok 584 - review context ru-valid-note: typed draft is advanced
  ---
  duration_ms: 1.015209
  type: 'test'
  ...
# Subtest: review context ru-bare: accept grounded quote
ok 585 - review context ru-bare: accept grounded quote
  ---
  duration_ms: 0.328583
  type: 'test'
  ...
# Subtest: review context ru-bare: typed draft is advanced
ok 586 - review context ru-bare: typed draft is advanced
  ---
  duration_ms: 0.400041
  type: 'test'
  ...
# Subtest: review context ar-alternative: reject grounded quote
ok 587 - review context ar-alternative: reject grounded quote
  ---
  duration_ms: 0.140333
  type: 'test'
  ...
# Subtest: review context ar-alternative: typed draft is unchanged
ok 588 - review context ar-alternative: typed draft is unchanged
  ---
  duration_ms: 0.599208
  type: 'test'
  ...
# Subtest: review context ar-negative: reject grounded quote
ok 589 - review context ar-negative: reject grounded quote
  ---
  duration_ms: 0.06925
  type: 'test'
  ...
# Subtest: review context ar-negative: typed draft is unchanged
ok 590 - review context ar-negative: typed draft is unchanged
  ---
  duration_ms: 0.326208
  type: 'test'
  ...
# Subtest: review context ar-correction: reject grounded quote
ok 591 - review context ar-correction: reject grounded quote
  ---
  duration_ms: 0.056375
  type: 'test'
  ...
# Subtest: review context ar-correction: typed draft is unchanged
ok 592 - review context ar-correction: typed draft is unchanged
  ---
  duration_ms: 0.259083
  type: 'test'
  ...
# Subtest: review context ar-weight: reject grounded quote
ok 593 - review context ar-weight: reject grounded quote
  ---
  duration_ms: 0.078791
  type: 'test'
  ...
# Subtest: review context ar-weight: typed draft is unchanged
ok 594 - review context ar-weight: typed draft is unchanged
  ---
  duration_ms: 0.247334
  type: 'test'
  ...
# Subtest: review context ar-valid-note: accept grounded quote
ok 595 - review context ar-valid-note: accept grounded quote
  ---
  duration_ms: 0.149292
  type: 'test'
  ...
# Subtest: review context ar-valid-note: typed draft is advanced
ok 596 - review context ar-valid-note: typed draft is advanced
  ---
  duration_ms: 0.266833
  type: 'test'
  ...
# Subtest: review context ar-bare: accept grounded quote
ok 597 - review context ar-bare: accept grounded quote
  ---
  duration_ms: 0.0545
  type: 'test'
  ...
# Subtest: review context ar-bare: typed draft is advanced
ok 598 - review context ar-bare: typed draft is advanced
  ---
  duration_ms: 0.162042
  type: 'test'
  ...
# Subtest: review context he-positive-0: accept grounded quote
ok 599 - review context he-positive-0: accept grounded quote
  ---
  duration_ms: 1.818166
  type: 'test'
  ...
# Subtest: review context he-positive-0: typed draft is advanced
ok 600 - review context he-positive-0: typed draft is advanced
  ---
  duration_ms: 1.490625
  type: 'test'
  ...
# Subtest: review context he-positive-1: accept grounded quote
ok 601 - review context he-positive-1: accept grounded quote
  ---
  duration_ms: 0.156875
  type: 'test'
  ...
# Subtest: review context he-positive-1: typed draft is advanced
ok 602 - review context he-positive-1: typed draft is advanced
  ---
  duration_ms: 0.506667
  type: 'test'
  ...
# Subtest: review context he-positive-2: accept grounded quote
ok 603 - review context he-positive-2: accept grounded quote
  ---
  duration_ms: 0.082958
  type: 'test'
  ...
# Subtest: review context he-positive-2: typed draft is advanced
ok 604 - review context he-positive-2: typed draft is advanced
  ---
  duration_ms: 0.3195
  type: 'test'
  ...
# Subtest: review context he-positive-3: accept grounded quote
ok 605 - review context he-positive-3: accept grounded quote
  ---
  duration_ms: 0.064958
  type: 'test'
  ...
# Subtest: review context he-positive-3: typed draft is advanced
ok 606 - review context he-positive-3: typed draft is advanced
  ---
  duration_ms: 0.50625
  type: 'test'
  ...
# Subtest: review context he-positive-4: accept grounded quote
ok 607 - review context he-positive-4: accept grounded quote
  ---
  duration_ms: 0.085166
  type: 'test'
  ...
# Subtest: review context he-positive-4: typed draft is advanced
ok 608 - review context he-positive-4: typed draft is advanced
  ---
  duration_ms: 0.487459
  type: 'test'
  ...
# Subtest: review context he-positive-5: accept grounded quote
ok 609 - review context he-positive-5: accept grounded quote
  ---
  duration_ms: 0.078334
  type: 'test'
  ...
# Subtest: review context he-positive-5: typed draft is advanced
ok 610 - review context he-positive-5: typed draft is advanced
  ---
  duration_ms: 0.343042
  type: 'test'
  ...
# Subtest: review context he-positive-6: accept grounded quote
ok 611 - review context he-positive-6: accept grounded quote
  ---
  duration_ms: 0.059584
  type: 'test'
  ...
# Subtest: review context he-positive-6: typed draft is advanced
ok 612 - review context he-positive-6: typed draft is advanced
  ---
  duration_ms: 0.264042
  type: 'test'
  ...
# Subtest: review context he-positive-7: accept grounded quote
ok 613 - review context he-positive-7: accept grounded quote
  ---
  duration_ms: 0.065209
  type: 'test'
  ...
# Subtest: review context he-positive-7: typed draft is advanced
ok 614 - review context he-positive-7: typed draft is advanced
  ---
  duration_ms: 0.643334
  type: 'test'
  ...
# Subtest: review context mixed-alternative: reject grounded quote
ok 615 - review context mixed-alternative: reject grounded quote
  ---
  duration_ms: 0.054416
  type: 'test'
  ...
# Subtest: review context mixed-alternative: typed draft is unchanged
ok 616 - review context mixed-alternative: typed draft is unchanged
  ---
  duration_ms: 0.246541
  type: 'test'
  ...
# Subtest: review context mixed-negation: reject grounded quote
ok 617 - review context mixed-negation: reject grounded quote
  ---
  duration_ms: 0.049958
  type: 'test'
  ...
# Subtest: review context mixed-negation: typed draft is unchanged
ok 618 - review context mixed-negation: typed draft is unchanged
  ---
  duration_ms: 0.236875
  type: 'test'
  ...
# Subtest: review context mixed-time: accept grounded quote
ok 619 - review context mixed-time: accept grounded quote
  ---
  duration_ms: 0.064
  type: 'test'
  ...
# Subtest: review context mixed-time: typed draft is advanced
ok 620 - review context mixed-time: typed draft is advanced
  ---
  duration_ms: 0.240292
  type: 'test'
  ...
# Subtest: review context en-contact: accept grounded quote
ok 621 - review context en-contact: accept grounded quote
  ---
  duration_ms: 0.062708
  type: 'test'
  ...
# Subtest: review context en-contact: typed draft is advanced
ok 622 - review context en-contact: typed draft is advanced
  ---
  duration_ms: 0.231708
  type: 'test'
  ...
# Subtest: review context fr-time: accept grounded quote
ok 623 - review context fr-time: accept grounded quote
  ---
  duration_ms: 0.056167
  type: 'test'
  ...
# Subtest: review context fr-time: typed draft is advanced
ok 624 - review context fr-time: typed draft is advanced
  ---
  duration_ms: 0.231959
  type: 'test'
  ...
# Subtest: review context ru-contact: accept grounded quote
ok 625 - review context ru-contact: accept grounded quote
  ---
  duration_ms: 0.064459
  type: 'test'
  ...
# Subtest: review context ru-contact: typed draft is advanced
ok 626 - review context ru-contact: typed draft is advanced
  ---
  duration_ms: 0.237917
  type: 'test'
  ...
# Subtest: review context ar-time: accept grounded quote
ok 627 - review context ar-time: accept grounded quote
  ---
  duration_ms: 0.055
  type: 'test'
  ...
# Subtest: review context ar-time: typed draft is advanced
ok 628 - review context ar-time: typed draft is advanced
  ---
  duration_ms: 0.225167
  type: 'test'
  ...
# Subtest: review context en-trailing-no: reject grounded quote
ok 629 - review context en-trailing-no: reject grounded quote
  ---
  duration_ms: 0.045167
  type: 'test'
  ...
# Subtest: review context en-trailing-no: typed draft is unchanged
ok 630 - review context en-trailing-no: typed draft is unchanged
  ---
  duration_ms: 0.221209
  type: 'test'
  ...
# Subtest: review context en-trailing-correct: reject grounded quote
ok 631 - review context en-trailing-correct: reject grounded quote
  ---
  duration_ms: 0.048792
  type: 'test'
  ...
# Subtest: review context en-trailing-correct: typed draft is unchanged
ok 632 - review context en-trailing-correct: typed draft is unchanged
  ---
  duration_ms: 0.229959
  type: 'test'
  ...
# Subtest: review context fr-trailing-no: reject grounded quote
ok 633 - review context fr-trailing-no: reject grounded quote
  ---
  duration_ms: 0.050083
  type: 'test'
  ...
# Subtest: review context fr-trailing-no: typed draft is unchanged
ok 634 - review context fr-trailing-no: typed draft is unchanged
  ---
  duration_ms: 0.250084
  type: 'test'
  ...
# Subtest: review context ru-trailing-no: reject grounded quote
ok 635 - review context ru-trailing-no: reject grounded quote
  ---
  duration_ms: 0.057625
  type: 'test'
  ...
# Subtest: review context ru-trailing-no: typed draft is unchanged
ok 636 - review context ru-trailing-no: typed draft is unchanged
  ---
  duration_ms: 0.215667
  type: 'test'
  ...
# Subtest: review context ar-trailing-no: reject grounded quote
ok 637 - review context ar-trailing-no: reject grounded quote
  ---
  duration_ms: 0.040333
  type: 'test'
  ...
# Subtest: review context ar-trailing-no: typed draft is unchanged
ok 638 - review context ar-trailing-no: typed draft is unchanged
  ---
  duration_ms: 0.226542
  type: 'test'
  ...
# Subtest: review context en-correct-replacement: accept grounded quote
ok 639 - review context en-correct-replacement: accept grounded quote
  ---
  duration_ms: 0.052709
  type: 'test'
  ...
# Subtest: review context en-correct-replacement: typed draft is advanced
ok 640 - review context en-correct-replacement: typed draft is advanced
  ---
  duration_ms: 0.22375
  type: 'test'
  ...
# Subtest: review context fr-correct-replacement: accept grounded quote
ok 641 - review context fr-correct-replacement: accept grounded quote
  ---
  duration_ms: 0.052958
  type: 'test'
  ...
# Subtest: review context fr-correct-replacement: typed draft is advanced
ok 642 - review context fr-correct-replacement: typed draft is advanced
  ---
  duration_ms: 0.224083
  type: 'test'
  ...
# Subtest: review context ru-correct-replacement: accept grounded quote
ok 643 - review context ru-correct-replacement: accept grounded quote
  ---
  duration_ms: 0.054
  type: 'test'
  ...
# Subtest: review context ru-correct-replacement: typed draft is advanced
ok 644 - review context ru-correct-replacement: typed draft is advanced
  ---
  duration_ms: 0.221125
  type: 'test'
  ...
# Subtest: review context ar-correct-replacement: accept grounded quote
ok 645 - review context ar-correct-replacement: accept grounded quote
  ---
  duration_ms: 0.048416
  type: 'test'
  ...
# Subtest: review context ar-correct-replacement: typed draft is advanced
ok 646 - review context ar-correct-replacement: typed draft is advanced
  ---
  duration_ms: 0.21725
  type: 'test'
  ...
# Subtest: review context he-reject-0-adjective: reject grounded quote
ok 647 - review context he-reject-0-adjective: reject grounded quote
  ---
  duration_ms: 0.051
  type: 'test'
  ...
# Subtest: review context he-reject-0-adjective: typed draft is unchanged
ok 648 - review context he-reject-0-adjective: typed draft is unchanged
  ---
  duration_ms: 0.202792
  type: 'test'
  ...
# Subtest: review context he-reject-1-adjective: reject grounded quote
ok 649 - review context he-reject-1-adjective: reject grounded quote
  ---
  duration_ms: 0.508333
  type: 'test'
  ...
# Subtest: review context he-reject-1-adjective: typed draft is unchanged
ok 650 - review context he-reject-1-adjective: typed draft is unchanged
  ---
  duration_ms: 0.866833
  type: 'test'
  ...
# Subtest: review context he-reject-2-adjective: reject grounded quote
ok 651 - review context he-reject-2-adjective: reject grounded quote
  ---
  duration_ms: 0.109375
  type: 'test'
  ...
# Subtest: review context he-reject-2-adjective: typed draft is unchanged
ok 652 - review context he-reject-2-adjective: typed draft is unchanged
  ---
  duration_ms: 0.378375
  type: 'test'
  ...
# Subtest: review context he-reject-3-adjective: reject grounded quote
ok 653 - review context he-reject-3-adjective: reject grounded quote
  ---
  duration_ms: 0.059125
  type: 'test'
  ...
# Subtest: review context he-reject-3-adjective: typed draft is unchanged
ok 654 - review context he-reject-3-adjective: typed draft is unchanged
  ---
  duration_ms: 0.27425
  type: 'test'
  ...
# Subtest: review context he-reject-4-adjective: reject grounded quote
ok 655 - review context he-reject-4-adjective: reject grounded quote
  ---
  duration_ms: 0.050209
  type: 'test'
  ...
# Subtest: review context he-reject-4-adjective: typed draft is unchanged
ok 656 - review context he-reject-4-adjective: typed draft is unchanged
  ---
  duration_ms: 0.237208
  type: 'test'
  ...
# Subtest: review context he-reject-5-adjective: reject grounded quote
ok 657 - review context he-reject-5-adjective: reject grounded quote
  ---
  duration_ms: 0.0395
  type: 'test'
  ...
# Subtest: review context he-reject-5-adjective: typed draft is unchanged
ok 658 - review context he-reject-5-adjective: typed draft is unchanged
  ---
  duration_ms: 0.373
  type: 'test'
  ...
# Subtest: review context he-reject-6-adjective: reject grounded quote
ok 659 - review context he-reject-6-adjective: reject grounded quote
  ---
  duration_ms: 0.038917
  type: 'test'
  ...
# Subtest: review context he-reject-6-adjective: typed draft is unchanged
ok 660 - review context he-reject-6-adjective: typed draft is unchanged
  ---
  duration_ms: 0.633792
  type: 'test'
  ...
# Subtest: review context he-reject-7-adjective: reject grounded quote
ok 661 - review context he-reject-7-adjective: reject grounded quote
  ---
  duration_ms: 0.059708
  type: 'test'
  ...
# Subtest: review context he-reject-7-adjective: typed draft is unchanged
ok 662 - review context he-reject-7-adjective: typed draft is unchanged
  ---
  duration_ms: 0.316667
  type: 'test'
  ...
# Subtest: review context he-reject-8-adjective: reject grounded quote
ok 663 - review context he-reject-8-adjective: reject grounded quote
  ---
  duration_ms: 0.05775
  type: 'test'
  ...
# Subtest: review context he-reject-8-adjective: typed draft is unchanged
ok 664 - review context he-reject-8-adjective: typed draft is unchanged
  ---
  duration_ms: 0.453625
  type: 'test'
  ...
# Subtest: review context he-reject-9-adjective: reject grounded quote
ok 665 - review context he-reject-9-adjective: reject grounded quote
  ---
  duration_ms: 0.078
  type: 'test'
  ...
# Subtest: review context he-reject-9-adjective: typed draft is unchanged
ok 666 - review context he-reject-9-adjective: typed draft is unchanged
  ---
  duration_ms: 0.3175
  type: 'test'
  ...
# Subtest: review context he-reject-10-adjective: reject grounded quote
ok 667 - review context he-reject-10-adjective: reject grounded quote
  ---
  duration_ms: 0.056209
  type: 'test'
  ...
# Subtest: review context he-reject-10-adjective: typed draft is unchanged
ok 668 - review context he-reject-10-adjective: typed draft is unchanged
  ---
  duration_ms: 0.256875
  type: 'test'
  ...
# Subtest: review context he-reject-11-adjective: reject grounded quote
ok 669 - review context he-reject-11-adjective: reject grounded quote
  ---
  duration_ms: 0.052583
  type: 'test'
  ...
# Subtest: review context he-reject-11-adjective: typed draft is unchanged
ok 670 - review context he-reject-11-adjective: typed draft is unchanged
  ---
  duration_ms: 0.256334
  type: 'test'
  ...
# Subtest: review context he-reject-12-adjective: reject grounded quote
ok 671 - review context he-reject-12-adjective: reject grounded quote
  ---
  duration_ms: 0.045416
  type: 'test'
  ...
# Subtest: review context he-reject-12-adjective: typed draft is unchanged
ok 672 - review context he-reject-12-adjective: typed draft is unchanged
  ---
  duration_ms: 0.22375
  type: 'test'
  ...
# Subtest: review context he-positive-0-adjective: accept grounded quote
ok 673 - review context he-positive-0-adjective: accept grounded quote
  ---
  duration_ms: 0.077709
  type: 'test'
  ...
# Subtest: review context he-positive-0-adjective: typed draft is advanced
ok 674 - review context he-positive-0-adjective: typed draft is advanced
  ---
  duration_ms: 0.280375
  type: 'test'
  ...
# Subtest: review context he-positive-1-adjective: accept grounded quote
ok 675 - review context he-positive-1-adjective: accept grounded quote
  ---
  duration_ms: 0.064083
  type: 'test'
  ...
# Subtest: review context he-positive-1-adjective: typed draft is advanced
ok 676 - review context he-positive-1-adjective: typed draft is advanced
  ---
  duration_ms: 0.245584
  type: 'test'
  ...
# Subtest: review context he-positive-2-adjective: accept grounded quote
ok 677 - review context he-positive-2-adjective: accept grounded quote
  ---
  duration_ms: 0.06
  type: 'test'
  ...
# Subtest: review context he-positive-2-adjective: typed draft is advanced
ok 678 - review context he-positive-2-adjective: typed draft is advanced
  ---
  duration_ms: 0.241583
  type: 'test'
  ...
# Subtest: review context he-positive-3-adjective: accept grounded quote
ok 679 - review context he-positive-3-adjective: accept grounded quote
  ---
  duration_ms: 0.05975
  type: 'test'
  ...
# Subtest: review context he-positive-3-adjective: typed draft is advanced
ok 680 - review context he-positive-3-adjective: typed draft is advanced
  ---
  duration_ms: 0.224542
  type: 'test'
  ...
# Subtest: review context he-positive-4-adjective: accept grounded quote
ok 681 - review context he-positive-4-adjective: accept grounded quote
  ---
  duration_ms: 0.059583
  type: 'test'
  ...
# Subtest: review context he-positive-4-adjective: typed draft is advanced
ok 682 - review context he-positive-4-adjective: typed draft is advanced
  ---
  duration_ms: 0.218291
  type: 'test'
  ...
# Subtest: review context he-positive-5-adjective: accept grounded quote
ok 683 - review context he-positive-5-adjective: accept grounded quote
  ---
  duration_ms: 0.05425
  type: 'test'
  ...
# Subtest: review context he-positive-5-adjective: typed draft is advanced
ok 684 - review context he-positive-5-adjective: typed draft is advanced
  ---
  duration_ms: 0.261333
  type: 'test'
  ...
# Subtest: review context he-positive-6-adjective: accept grounded quote
ok 685 - review context he-positive-6-adjective: accept grounded quote
  ---
  duration_ms: 0.055292
  type: 'test'
  ...
# Subtest: review context he-positive-6-adjective: typed draft is advanced
ok 686 - review context he-positive-6-adjective: typed draft is advanced
  ---
  duration_ms: 0.622
  type: 'test'
  ...
# Subtest: review context he-positive-7-adjective: accept grounded quote
ok 687 - review context he-positive-7-adjective: accept grounded quote
  ---
  duration_ms: 0.060375
  type: 'test'
  ...
# Subtest: review context he-positive-7-adjective: typed draft is advanced
ok 688 - review context he-positive-7-adjective: typed draft is advanced
  ---
  duration_ms: 0.225125
  type: 'test'
  ...
# Subtest: review context fr-bare-retraction: reject grounded quote
ok 689 - review context fr-bare-retraction: reject grounded quote
  ---
  duration_ms: 0.050791
  type: 'test'
  ...
# Subtest: review context fr-bare-retraction: typed draft is unchanged
ok 690 - review context fr-bare-retraction: typed draft is unchanged
  ---
  duration_ms: 0.243833
  type: 'test'
  ...
# Subtest: review context en-multiple-owned-items: reject grounded quote
ok 691 - review context en-multiple-owned-items: reject grounded quote
  ---
  duration_ms: 0.042875
  type: 'test'
  ...
# Subtest: review context en-multiple-owned-items: typed draft is unchanged
ok 692 - review context en-multiple-owned-items: typed draft is unchanged
  ---
  duration_ms: 0.224
  type: 'test'
  ...
# Subtest: Claude alternative: omitted context rejects מעטפה קטנה
ok 693 - Claude alternative: omitted context rejects מעטפה קטנה
  ---
  duration_ms: 17.421917
  type: 'test'
  ...
# Subtest: Claude alternative: omitted context rejects קטנה
ok 694 - Claude alternative: omitted context rejects קטנה
  ---
  duration_ms: 1.789583
  type: 'test'
  ...
# Subtest: Claude alternative: typed turn never writes omitted size or item notes
ok 695 - Claude alternative: typed turn never writes omitted size or item notes
  ---
  duration_ms: 15.271875
  type: 'test'
  ...
# Subtest: Claude overweight: omitted context rejects מעטפה קטנה
ok 696 - Claude overweight: omitted context rejects מעטפה קטנה
  ---
  duration_ms: 0.225417
  type: 'test'
  ...
# Subtest: Claude overweight: omitted context rejects קטנה
ok 697 - Claude overweight: omitted context rejects קטנה
  ---
  duration_ms: 0.110292
  type: 'test'
  ...
# Subtest: Claude overweight: typed turn never writes omitted size or item notes
ok 698 - Claude overweight: typed turn never writes omitted size or item notes
  ---
  duration_ms: 1.347875
  type: 'test'
  ...
# Subtest: Claude heavy: omitted context rejects מעטפה קטנה
ok 699 - Claude heavy: omitted context rejects מעטפה קטנה
  ---
  duration_ms: 0.109666
  type: 'test'
  ...
# Subtest: Claude heavy: omitted context rejects קטנה
ok 700 - Claude heavy: omitted context rejects קטנה
  ---
  duration_ms: 0.073541
  type: 'test'
  ...
# Subtest: Claude heavy: typed turn never writes omitted size or item notes
ok 701 - Claude heavy: typed turn never writes omitted size or item notes
  ---
  duration_ms: 0.911208
  type: 'test'
  ...
# Subtest: Claude absence: omitted context rejects מעטפה קטנה
ok 702 - Claude absence: omitted context rejects מעטפה קטנה
  ---
  duration_ms: 2.876833
  type: 'test'
  ...
# Subtest: Claude absence: omitted context rejects קטנה
ok 703 - Claude absence: omitted context rejects קטנה
  ---
  duration_ms: 1.5495
  type: 'test'
  ...
# Subtest: Claude absence: typed turn never writes omitted size or item notes
ok 704 - Claude absence: typed turn never writes omitted size or item notes
  ---
  duration_ms: 0.540458
  type: 'test'
  ...
# Subtest: Claude qualified-negation: omitted context rejects מעטפה קטנה
ok 705 - Claude qualified-negation: omitted context rejects מעטפה קטנה
  ---
  duration_ms: 0.075083
  type: 'test'
  ...
# Subtest: Claude qualified-negation: omitted context rejects קטנה
ok 706 - Claude qualified-negation: omitted context rejects קטנה
  ---
  duration_ms: 0.06125
  type: 'test'
  ...
# Subtest: Claude qualified-negation: typed turn never writes omitted size or item notes
ok 707 - Claude qualified-negation: typed turn never writes omitted size or item notes
  ---
  duration_ms: 0.394625
  type: 'test'
  ...
# Subtest: size context rejects qualifier: מעטפה קטנה, או חבילה בינונית
ok 708 - size context rejects qualifier: מעטפה קטנה, או חבילה בינונית
  ---
  duration_ms: 3.989334
  type: 'test'
  ...
# Subtest: size context rejects qualifier: מעטפה קטנה. במשקל 10.5 ק״ג
ok 709 - size context rejects qualifier: מעטפה קטנה. במשקל 10.5 ק״ג
  ---
  duration_ms: 0.0705
  type: 'test'
  ...
# Subtest: size context rejects qualifier: במשקל 10 קג מעטפה קטנה
ok 710 - size context rejects qualifier: במשקל 10 קג מעטפה קטנה
  ---
  duration_ms: 0.050583
  type: 'test'
  ...
# Subtest: size context rejects qualifier: מעטפה קטנה 10ק״ג
ok 711 - size context rejects qualifier: מעטפה קטנה 10ק״ג
  ---
  duration_ms: 0.048042
  type: 'test'
  ...
# Subtest: size context rejects qualifier: מעטפה קטנה — וכבדה
ok 712 - size context rejects qualifier: מעטפה קטנה — וכבדה
  ---
  duration_ms: 0.046416
  type: 'test'
  ...
# Subtest: size context rejects qualifier: אין לי בכלל מעטפה קטנה
ok 713 - size context rejects qualifier: אין לי בכלל מעטפה קטנה
  ---
  duration_ms: 0.053083
  type: 'test'
  ...
# Subtest: size context rejects qualifier: זו לא ממש מעטפה קטנה
ok 714 - size context rejects qualifier: זו לא ממש מעטפה קטנה
  ---
  duration_ms: 0.050042
  type: 'test'
  ...
# Subtest: size context rejects qualifier: מעטפה קטנה אין לי
ok 715 - size context rejects qualifier: מעטפה קטנה אין לי
  ---
  duration_ms: 6.153375
  type: 'test'
  ...
# Subtest: size context rejects qualifier: מעטפה קטנה אלא חבילה בינונית
ok 716 - size context rejects qualifier: מעטפה קטנה אלא חבילה בינונית
  ---
  duration_ms: 2.053042
  type: 'test'
  ...
# Subtest: affirmative size context remains accepted: אפשר בעברית? אני רוצה לשלוח מעטפה קטנה.
ok 717 - affirmative size context remains accepted: אפשר בעברית? אני רוצה לשלוח מעטפה קטנה.
  ---
  duration_ms: 1.160917
  type: 'test'
  ...
# Subtest: affirmative size context remains accepted: אין מעלית. אני רוצה לשלוח מעטפה קטנה.
ok 718 - affirmative size context remains accepted: אין מעלית. אני רוצה לשלוח מעטפה קטנה.
  ---
  duration_ms: 0.118875
  type: 'test'
  ...
# Subtest: affirmative size context remains accepted: מעטפה קטנה. אין מעלית בכתובת האיסוף.
ok 719 - affirmative size context remains accepted: מעטפה קטנה. אין מעלית בכתובת האיסוף.
  ---
  duration_ms: 0.101125
  type: 'test'
  ...
# Subtest: affirmative size context remains accepted: לא מעטפה גדולה אלא מעטפה קטנה
ok 720 - affirmative size context remains accepted: לא מעטפה גדולה אלא מעטפה קטנה
  ---
  duration_ms: 0.065417
  type: 'test'
  ...
# Subtest: affirmative size context remains accepted: מעטפה קטנה לאיסוף מדיזנגוף 10 תל אביב
ok 721 - affirmative size context remains accepted: מעטפה קטנה לאיסוף מדיזנגוף 10 תל אביב
  ---
  duration_ms: 0.07375
  type: 'test'
  ...
# Subtest: affirmative size context remains accepted: מפתחות מדיזנגוף 10 תל אביב לביאליק 2 רמת גן
ok 722 - affirmative size context remains accepted: מפתחות מדיזנגוף 10 תל אביב לביאליק 2 רמת גן
  ---
  duration_ms: 0.137083
  type: 'test'
  ...
# Subtest: a bad size invalidates the entire proposal, including explicitly proposed notes
ok 723 - a bad size invalidates the entire proposal, including explicitly proposed notes
  ---
  duration_ms: 0.0675
  type: 'test'
  ...
# Subtest: real workerd/D1 Sol grant routes notes, suppresses duplicates and creates no orders
ok 724 - real workerd/D1 Sol grant routes notes, suppresses duplicates and creates no orders
  ---
  duration_ms: 518.018041
  type: 'test'
  ...
# Subtest: compact profile preserves legacy config and fails closed for unexpected profile/version
ok 725 - compact profile preserves legacy config and fails closed for unexpected profile/version
  ---
  duration_ms: 0.320291
  type: 'test'
  ...
# Subtest: voice session quotas, concurrent duplicate, immutable history and exact expiry
ok 726 - voice session quotas, concurrent duplicate, immutable history and exact expiry
  ---
  duration_ms: 749.971042
  type: 'test'
  ...
# Subtest: real Worker voice + Sol + D1: he, duplicate suppressed, no order
ok 727 - real Worker voice + Sol + D1: he, duplicate suppressed, no order
  ---
  duration_ms: 447.86075
  type: 'test'
  ...
# Subtest: real Worker voice + Sol + D1: ar, duplicate suppressed, no order
ok 728 - real Worker voice + Sol + D1: ar, duplicate suppressed, no order
  ---
  duration_ms: 310.352208
  type: 'test'
  ...
# Subtest: real Worker voice + Sol + D1: ru, duplicate suppressed, no order
ok 729 - real Worker voice + Sol + D1: ru, duplicate suppressed, no order
  ---
  duration_ms: 300.399916
  type: 'test'
  ...
# Subtest: real Worker voice + Sol + D1: fr, duplicate suppressed, no order
ok 730 - real Worker voice + Sol + D1: fr, duplicate suppressed, no order
  ---
  duration_ms: 465.478458
  type: 'test'
  ...
# Subtest: real Worker voice + Sol + D1: en, duplicate suppressed, no order
ok 731 - real Worker voice + Sol + D1: en, duplicate suppressed, no order
  ---
  duration_ms: 217.055042
  type: 'test'
  ...
# Subtest: real Worker voice + Sol + D1: mixed, duplicate suppressed, no order
ok 732 - real Worker voice + Sol + D1: mixed, duplicate suppressed, no order
  ---
  duration_ms: 229.136375
  type: 'test'
  ...
# Subtest: real Worker voice preconsent: no media or model request
ok 733 - real Worker voice preconsent: no media or model request
  ---
  duration_ms: 178.531333
  type: 'test'
  ...
# Subtest: real Worker voice expired: no media or model request
ok 734 - real Worker voice expired: no media or model request
  ---
  duration_ms: 166.056583
  type: 'test'
  ...
# Subtest: real Worker voice off: no media or model request
ok 735 - real Worker voice off: no media or model request
  ---
  duration_ms: 177.420167
  type: 'test'
  ...
# Subtest: real Worker voice binding: no media or model request
ok 736 - real Worker voice binding: no media or model request
  ---
  duration_ms: 179.33425
  type: 'test'
  ...
# Subtest: real Worker voice evilRedirect: bounded failure, retained hold, no retry or booking mutation
ok 737 - real Worker voice evilRedirect: bounded failure, retained hold, no retry or booking mutation
  ---
  duration_ms: 182.931958
  type: 'test'
  ...
# Subtest: real Worker voice downloadFailure: bounded failure, retained hold, no retry or booking mutation
ok 738 - real Worker voice downloadFailure: bounded failure, retained hold, no retry or booking mutation
  ---
  duration_ms: 179.856083
  type: 'test'
  ...
# Subtest: real Worker voice apiFailure: bounded failure, retained hold, no retry or booking mutation
ok 739 - real Worker voice apiFailure: bounded failure, retained hold, no retry or booking mutation
  ---
  duration_ms: 187.1175
  type: 'test'
  ...
# Subtest: real Worker voice missingUsage: bounded failure, retained hold, no retry or booking mutation
ok 740 - real Worker voice missingUsage: bounded failure, retained hold, no retry or booking mutation
  ---
  duration_ms: 193.597375
  type: 'test'
  ...
# Subtest: real Worker voice unknownLanguage: bounded failure, retained hold, no retry or booking mutation
ok 741 - real Worker voice unknownLanguage: bounded failure, retained hold, no retry or booking mutation
  ---
  duration_ms: 208.360458
  type: 'test'
  ...
# Subtest: real Worker voice empty: bounded failure, retained hold, no retry or booking mutation
ok 742 - real Worker voice empty: bounded failure, retained hold, no retry or booking mutation
  ---
  duration_ms: 213.484584
  type: 'test'
  ...
# Subtest: real Worker voice sensitive: bounded failure, retained hold, no retry or booking mutation
ok 743 - real Worker voice sensitive: bounded failure, retained hold, no retry or booking mutation
  ---
  duration_ms: 221.098625
  type: 'test'
  ...
# Subtest: real Worker voice overlong: bounded failure, retained hold, no retry or booking mutation
ok 744 - real Worker voice overlong: bounded failure, retained hold, no retry or booking mutation
  ---
  duration_ms: 210.984375
  type: 'test'
  ...
# Subtest: real Worker signed media CDN redirect strips Twilio credential
ok 745 - real Worker signed media CDN redirect strips Twilio credential
  ---
  duration_ms: 237.705417
  type: 'test'
  ...
# Subtest: D1 enforces audio budget and immutable holds under concurrent reservations
ok 746 - D1 enforces audio budget and immutable holds under concurrent reservations
  ---
  duration_ms: 316.556292
  type: 'test'
  ...
# Subtest: signed MM MP3 through Worker, transcription and Sol preserves synthetic Hebrew envelope and advances
ok 747 - signed MM MP3 through Worker, transcription and Sol preserves synthetic Hebrew envelope and advances
  ---
  duration_ms: 254.367542
  type: 'test'
  ...
# Subtest: signed MM voice rejects Claude size-context alternative without writing item data
ok 748 - signed MM voice rejects Claude size-context alternative without writing item data
  ---
  duration_ms: 259.086875
  type: 'test'
  ...
# Subtest: signed MM voice rejects Claude size-context overweight without writing item data
ok 749 - signed MM voice rejects Claude size-context overweight without writing item data
  ---
  duration_ms: 241.216792
  type: 'test'
  ...
# Subtest: signed MM voice rejects Claude size-context heavy without writing item data
ok 750 - signed MM voice rejects Claude size-context heavy without writing item data
  ---
  duration_ms: 253.645958
  type: 'test'
  ...
# Subtest: signed MM voice rejects Claude size-context absence without writing item data
ok 751 - signed MM voice rejects Claude size-context absence without writing item data
  ---
  duration_ms: 268.24325
  type: 'test'
  ...
# Subtest: signed MM voice rejects Claude size-context qualified-negation without writing item data
ok 752 - signed MM voice rejects Claude size-context qualified-negation without writing item data
  ---
  duration_ms: 264.894709
  type: 'test'
  ...
# Subtest: signed MM review he-reject-0: rejects without orders
ok 753 - signed MM review he-reject-0: rejects without orders
  ---
  duration_ms: 259.503333
  type: 'test'
  ...
# Subtest: signed MM review he-reject-1: rejects without orders
ok 754 - signed MM review he-reject-1: rejects without orders
  ---
  duration_ms: 361.363291
  type: 'test'
  ...
# Subtest: signed MM review he-reject-2: rejects without orders
ok 755 - signed MM review he-reject-2: rejects without orders
  ---
  duration_ms: 299.551708
  type: 'test'
  ...
# Subtest: signed MM review he-reject-3: rejects without orders
ok 756 - signed MM review he-reject-3: rejects without orders
  ---
  duration_ms: 272.643334
  type: 'test'
  ...
# Subtest: signed MM review he-reject-4: rejects without orders
ok 757 - signed MM review he-reject-4: rejects without orders
  ---
  duration_ms: 230.692584
  type: 'test'
  ...
# Subtest: signed MM review he-reject-5: rejects without orders
ok 758 - signed MM review he-reject-5: rejects without orders
  ---
  duration_ms: 240.362292
  type: 'test'
  ...
# Subtest: signed MM review he-reject-6: rejects without orders
ok 759 - signed MM review he-reject-6: rejects without orders
  ---
  duration_ms: 240.716875
  type: 'test'
  ...
# Subtest: signed MM review he-reject-7: rejects without orders
ok 760 - signed MM review he-reject-7: rejects without orders
  ---
  duration_ms: 252.566708
  type: 'test'
  ...
# Subtest: signed MM review he-reject-8: rejects without orders
ok 761 - signed MM review he-reject-8: rejects without orders
  ---
  duration_ms: 224.571375
  type: 'test'
  ...
# Subtest: signed MM review he-reject-9: rejects without orders
ok 762 - signed MM review he-reject-9: rejects without orders
  ---
  duration_ms: 244.433208
  type: 'test'
  ...
# Subtest: signed MM review he-reject-10: rejects without orders
ok 763 - signed MM review he-reject-10: rejects without orders
  ---
  duration_ms: 213.707542
  type: 'test'
  ...
# Subtest: signed MM review he-reject-11: rejects without orders
ok 764 - signed MM review he-reject-11: rejects without orders
  ---
  duration_ms: 218.246167
  type: 'test'
  ...
# Subtest: signed MM review he-reject-12: rejects without orders
ok 765 - signed MM review he-reject-12: rejects without orders
  ---
  duration_ms: 212.8315
  type: 'test'
  ...
# Subtest: signed MM review fr-review-alternative: rejects without orders
ok 766 - signed MM review fr-review-alternative: rejects without orders
  ---
  duration_ms: 202.319959
  type: 'test'
  ...
# Subtest: signed MM review en-review-negation: rejects without orders
ok 767 - signed MM review en-review-negation: rejects without orders
  ---
  duration_ms: 206.881916
  type: 'test'
  ...
# Subtest: signed MM review en-alternative: rejects without orders
ok 768 - signed MM review en-alternative: rejects without orders
  ---
  duration_ms: 200.344208
  type: 'test'
  ...
# Subtest: signed MM review en-negative: rejects without orders
ok 769 - signed MM review en-negative: rejects without orders
  ---
  duration_ms: 203.527459
  type: 'test'
  ...
# Subtest: signed MM review en-correction: rejects without orders
ok 770 - signed MM review en-correction: rejects without orders
  ---
  duration_ms: 204.412
  type: 'test'
  ...
# Subtest: signed MM review en-weight: rejects without orders
ok 771 - signed MM review en-weight: rejects without orders
  ---
  duration_ms: 203.178292
  type: 'test'
  ...
# Subtest: signed MM review en-valid-note: advances without orders
ok 772 - signed MM review en-valid-note: advances without orders
  ---
  duration_ms: 211.089833
  type: 'test'
  ...
# Subtest: signed MM review en-bare: advances without orders
ok 773 - signed MM review en-bare: advances without orders
  ---
  duration_ms: 190.101791
  type: 'test'
  ...
# Subtest: signed MM review fr-alternative: rejects without orders
ok 774 - signed MM review fr-alternative: rejects without orders
  ---
  duration_ms: 217.609083
  type: 'test'
  ...
# Subtest: signed MM review fr-negative: rejects without orders
ok 775 - signed MM review fr-negative: rejects without orders
  ---
  duration_ms: 227.689125
  type: 'test'
  ...
# Subtest: signed MM review fr-correction: rejects without orders
ok 776 - signed MM review fr-correction: rejects without orders
  ---
  duration_ms: 212.822041
  type: 'test'
  ...
# Subtest: signed MM review fr-weight: rejects without orders
ok 777 - signed MM review fr-weight: rejects without orders
  ---
  duration_ms: 206.484916
  type: 'test'
  ...
# Subtest: signed MM review fr-valid-note: advances without orders
ok 778 - signed MM review fr-valid-note: advances without orders
  ---
  duration_ms: 241.230416
  type: 'test'
  ...
# Subtest: signed MM review fr-bare: advances without orders
ok 779 - signed MM review fr-bare: advances without orders
  ---
  duration_ms: 196.291125
  type: 'test'
  ...
# Subtest: signed MM review ru-alternative: rejects without orders
ok 780 - signed MM review ru-alternative: rejects without orders
  ---
  duration_ms: 232.465167
  type: 'test'
  ...
# Subtest: signed MM review ru-negative: rejects without orders
ok 781 - signed MM review ru-negative: rejects without orders
  ---
  duration_ms: 251.387833
  type: 'test'
  ...
# Subtest: signed MM review ru-correction: rejects without orders
ok 782 - signed MM review ru-correction: rejects without orders
  ---
  duration_ms: 254.147417
  type: 'test'
  ...
# Subtest: signed MM review ru-weight: rejects without orders
ok 783 - signed MM review ru-weight: rejects without orders
  ---
  duration_ms: 510.958666
  type: 'test'
  ...
# Subtest: signed MM review ru-valid-note: advances without orders
ok 784 - signed MM review ru-valid-note: advances without orders
  ---
  duration_ms: 225.331625
  type: 'test'
  ...
# Subtest: signed MM review ru-bare: advances without orders
ok 785 - signed MM review ru-bare: advances without orders
  ---
  duration_ms: 185.87675
  type: 'test'
  ...
# Subtest: signed MM review ar-alternative: rejects without orders
ok 786 - signed MM review ar-alternative: rejects without orders
  ---
  duration_ms: 244.292834
  type: 'test'
  ...
# Subtest: signed MM review ar-negative: rejects without orders
ok 787 - signed MM review ar-negative: rejects without orders
  ---
  duration_ms: 266.523958
  type: 'test'
  ...
# Subtest: signed MM review ar-correction: rejects without orders
ok 788 - signed MM review ar-correction: rejects without orders
  ---
  duration_ms: 238.125042
  type: 'test'
  ...
# Subtest: signed MM review ar-weight: rejects without orders
ok 789 - signed MM review ar-weight: rejects without orders
  ---
  duration_ms: 232.952083
  type: 'test'
  ...
# Subtest: signed MM review ar-valid-note: advances without orders
ok 790 - signed MM review ar-valid-note: advances without orders
  ---
  duration_ms: 277.603541
  type: 'test'
  ...
# Subtest: signed MM review ar-bare: advances without orders
ok 791 - signed MM review ar-bare: advances without orders
  ---
  duration_ms: 292.104042
  type: 'test'
  ...
# Subtest: signed MM review he-positive-0: advances without orders
ok 792 - signed MM review he-positive-0: advances without orders
  ---
  duration_ms: 324.316958
  type: 'test'
  ...
# Subtest: signed MM review he-positive-1: advances without orders
ok 793 - signed MM review he-positive-1: advances without orders
  ---
  duration_ms: 312.777792
  type: 'test'
  ...
# Subtest: signed MM review he-positive-2: advances without orders
ok 794 - signed MM review he-positive-2: advances without orders
  ---
  duration_ms: 329.047917
  type: 'test'
  ...
# Subtest: signed MM review he-positive-3: advances without orders
ok 795 - signed MM review he-positive-3: advances without orders
  ---
  duration_ms: 327.250875
  type: 'test'
  ...
# Subtest: signed MM review he-positive-4: advances without orders
ok 796 - signed MM review he-positive-4: advances without orders
  ---
  duration_ms: 257.385333
  type: 'test'
  ...
# Subtest: signed MM review he-positive-5: advances without orders
ok 797 - signed MM review he-positive-5: advances without orders
  ---
  duration_ms: 227.582708
  type: 'test'
  ...
# Subtest: signed MM review he-positive-6: advances without orders
ok 798 - signed MM review he-positive-6: advances without orders
  ---
  duration_ms: 211.083167
  type: 'test'
  ...
# Subtest: signed MM review he-positive-7: advances without orders
ok 799 - signed MM review he-positive-7: advances without orders
  ---
  duration_ms: 228.311
  type: 'test'
  ...
# Subtest: signed MM review mixed-alternative: rejects without orders
ok 800 - signed MM review mixed-alternative: rejects without orders
  ---
  duration_ms: 211.535625
  type: 'test'
  ...
# Subtest: signed MM review mixed-negation: rejects without orders
ok 801 - signed MM review mixed-negation: rejects without orders
  ---
  duration_ms: 226.816667
  type: 'test'
  ...
# Subtest: signed MM review mixed-time: advances without orders
ok 802 - signed MM review mixed-time: advances without orders
  ---
  duration_ms: 224.878
  type: 'test'
  ...
# Subtest: signed MM review en-contact: advances without orders
ok 803 - signed MM review en-contact: advances without orders
  ---
  duration_ms: 210.285417
  type: 'test'
  ...
# Subtest: signed MM review fr-time: advances without orders
ok 804 - signed MM review fr-time: advances without orders
  ---
  duration_ms: 204.493083
  type: 'test'
  ...
# Subtest: signed MM review ru-contact: advances without orders
ok 805 - signed MM review ru-contact: advances without orders
  ---
  duration_ms: 222.410208
  type: 'test'
  ...
# Subtest: signed MM review ar-time: advances without orders
ok 806 - signed MM review ar-time: advances without orders
  ---
  duration_ms: 226.388125
  type: 'test'
  ...
# Subtest: signed MM review en-trailing-no: rejects without orders
ok 807 - signed MM review en-trailing-no: rejects without orders
  ---
  duration_ms: 208.491584
  type: 'test'
  ...
# Subtest: signed MM review en-trailing-correct: rejects without orders
ok 808 - signed MM review en-trailing-correct: rejects without orders
  ---
  duration_ms: 204.594167
  type: 'test'
  ...
# Subtest: signed MM review fr-trailing-no: rejects without orders
ok 809 - signed MM review fr-trailing-no: rejects without orders
  ---
  duration_ms: 203.42925
  type: 'test'
  ...
# Subtest: signed MM review ru-trailing-no: rejects without orders
ok 810 - signed MM review ru-trailing-no: rejects without orders
  ---
  duration_ms: 215.572208
  type: 'test'
  ...
# Subtest: signed MM review ar-trailing-no: rejects without orders
ok 811 - signed MM review ar-trailing-no: rejects without orders
  ---
  duration_ms: 284.765833
  type: 'test'
  ...
# Subtest: signed MM review en-correct-replacement: advances without orders
ok 812 - signed MM review en-correct-replacement: advances without orders
  ---
  duration_ms: 219.350834
  type: 'test'
  ...
# Subtest: signed MM review fr-correct-replacement: advances without orders
ok 813 - signed MM review fr-correct-replacement: advances without orders
  ---
  duration_ms: 213.472042
  type: 'test'
  ...
# Subtest: signed MM review ru-correct-replacement: advances without orders
ok 814 - signed MM review ru-correct-replacement: advances without orders
  ---
  duration_ms: 226.763416
  type: 'test'
  ...
# Subtest: signed MM review ar-correct-replacement: advances without orders
ok 815 - signed MM review ar-correct-replacement: advances without orders
  ---
  duration_ms: 220.553792
  type: 'test'
  ...
# Subtest: signed MM review he-reject-0-adjective: rejects without orders
ok 816 - signed MM review he-reject-0-adjective: rejects without orders
  ---
  duration_ms: 213.51725
  type: 'test'
  ...
# Subtest: signed MM review he-reject-1-adjective: rejects without orders
ok 817 - signed MM review he-reject-1-adjective: rejects without orders
  ---
  duration_ms: 213.866291
  type: 'test'
  ...
# Subtest: signed MM review he-reject-2-adjective: rejects without orders
ok 818 - signed MM review he-reject-2-adjective: rejects without orders
  ---
  duration_ms: 217.130875
  type: 'test'
  ...
# Subtest: signed MM review he-reject-3-adjective: rejects without orders
ok 819 - signed MM review he-reject-3-adjective: rejects without orders
  ---
  duration_ms: 220.169375
  type: 'test'
  ...
# Subtest: signed MM review he-reject-4-adjective: rejects without orders
ok 820 - signed MM review he-reject-4-adjective: rejects without orders
  ---
  duration_ms: 219.516125
  type: 'test'
  ...
# Subtest: signed MM review he-reject-5-adjective: rejects without orders
ok 821 - signed MM review he-reject-5-adjective: rejects without orders
  ---
  duration_ms: 213.041583
  type: 'test'
  ...
# Subtest: signed MM review he-reject-6-adjective: rejects without orders
ok 822 - signed MM review he-reject-6-adjective: rejects without orders
  ---
  duration_ms: 217.11675
  type: 'test'
  ...
# Subtest: signed MM review he-reject-7-adjective: rejects without orders
ok 823 - signed MM review he-reject-7-adjective: rejects without orders
  ---
  duration_ms: 214.340834
  type: 'test'
  ...
# Subtest: signed MM review he-reject-8-adjective: rejects without orders
ok 824 - signed MM review he-reject-8-adjective: rejects without orders
  ---
  duration_ms: 215.773542
  type: 'test'
  ...
# Subtest: signed MM review he-reject-9-adjective: rejects without orders
ok 825 - signed MM review he-reject-9-adjective: rejects without orders
  ---
  duration_ms: 221.446208
  type: 'test'
  ...
# Subtest: signed MM review he-reject-10-adjective: rejects without orders
ok 826 - signed MM review he-reject-10-adjective: rejects without orders
  ---
  duration_ms: 242.311584
  type: 'test'
  ...
# Subtest: signed MM review he-reject-11-adjective: rejects without orders
ok 827 - signed MM review he-reject-11-adjective: rejects without orders
  ---
  duration_ms: 229.27625
  type: 'test'
  ...
# Subtest: signed MM review he-reject-12-adjective: rejects without orders
ok 828 - signed MM review he-reject-12-adjective: rejects without orders
  ---
  duration_ms: 219.783417
  type: 'test'
  ...
# Subtest: signed MM review he-positive-0-adjective: advances without orders
ok 829 - signed MM review he-positive-0-adjective: advances without orders
  ---
  duration_ms: 245.212375
  type: 'test'
  ...
# Subtest: signed MM review he-positive-1-adjective: advances without orders
ok 830 - signed MM review he-positive-1-adjective: advances without orders
  ---
  duration_ms: 235.522125
  type: 'test'
  ...
# Subtest: signed MM review he-positive-2-adjective: advances without orders
ok 831 - signed MM review he-positive-2-adjective: advances without orders
  ---
  duration_ms: 228.108083
  type: 'test'
  ...
# Subtest: signed MM review he-positive-3-adjective: advances without orders
ok 832 - signed MM review he-positive-3-adjective: advances without orders
  ---
  duration_ms: 236.207208
  type: 'test'
  ...
# Subtest: signed MM review he-positive-4-adjective: advances without orders
ok 833 - signed MM review he-positive-4-adjective: advances without orders
  ---
  duration_ms: 228.377625
  type: 'test'
  ...
# Subtest: signed MM review he-positive-5-adjective: advances without orders
ok 834 - signed MM review he-positive-5-adjective: advances without orders
  ---
  duration_ms: 233.26
  type: 'test'
  ...
# Subtest: signed MM review he-positive-6-adjective: advances without orders
ok 835 - signed MM review he-positive-6-adjective: advances without orders
  ---
  duration_ms: 228.850667
  type: 'test'
  ...
# Subtest: signed MM review he-positive-7-adjective: advances without orders
ok 836 - signed MM review he-positive-7-adjective: advances without orders
  ---
  duration_ms: 232.181
  type: 'test'
  ...
# Subtest: signed MM review fr-bare-retraction: rejects without orders
ok 837 - signed MM review fr-bare-retraction: rejects without orders
  ---
  duration_ms: 211.059333
  type: 'test'
  ...
# Subtest: signed MM review en-multiple-owned-items: rejects without orders
ok 838 - signed MM review en-multiple-owned-items: rejects without orders
  ---
  duration_ms: 213.268708
  type: 'test'
  ...
# Subtest: real workerd transport accepts bounded readiness request and durable replay sends nothing
ok 839 - real workerd transport accepts bounded readiness request and durable replay sends nothing
  ---
  duration_ms: 296.311792
  type: 'test'
  ...
# Subtest: real workerd never forwards authorization across a count or generation redirect
ok 840 - real workerd never forwards authorization across a count or generation redirect
  ---
  duration_ms: 300.552
  type: 'test'
  ...
# Subtest: real workerd approved second attempt retains failed first evidence and both allowances
ok 841 - real workerd approved second attempt retains failed first evidence and both allowances
  ---
  duration_ms: 172.765
  type: 'test'
  ...
# Subtest: real workerd validates the complete offline Unicode/grounding corpus without provider calls
ok 842 - real workerd validates the complete offline Unicode/grounding corpus without provider calls
  ---
  duration_ms: 140.946709
  type: 'test'
  ...
# Subtest: real workerd third quote check preserves both failures and cannot replay a provider request
ok 843 - real workerd third quote check preserves both failures and cannot replay a provider request
  ---
  duration_ms: 155.715875
  type: 'test'
  ...
# Subtest: WhatsApp provider boundary
    # Subtest: pins the verified Graph API version
    ok 1 - pins the verified Graph API version
      ---
      duration_ms: 0.264709
      type: 'test'
      ...
    # Subtest: verifies webhook challenges and HMAC signatures fail closed
    ok 2 - verifies webhook challenges and HMAC signatures fail closed
      ---
      duration_ms: 7.809833
      type: 'test'
      ...
    # Subtest: extracts only sanitized receipt metadata and applies it idempotently
    ok 3 - extracts only sanitized receipt metadata and applies it idempotently
      ---
      duration_ms: 2.302166
      type: 'test'
      ...
    # Subtest: signed receipt endpoint is idempotent and rejects unsigned payloads
    ok 4 - signed receipt endpoint is idempotent and rejects unsigned payloads
      ---
      duration_ms: 17.394708
      type: 'test'
      ...
    1..4
ok 844 - WhatsApp provider boundary
  ---
  duration_ms: 28.5405
  type: 'suite'
  ...
1..844
# tests 1186
# suites 65
# pass 1186
# fail 0
# cancelled 0
# skipped 0
# todo 0
# duration_ms 27584.01175
